Country Name,Country Code,Indicator Name,Indicator Code,1960,1961,1962,1963,1964,1965,1966,1967,1968,1969,1970,1971,1972,1973,1974,1975,1976,1977,1978,1979,1980,1981,1982,1983,1984,1985,1986,1987,1988,1989,1990,1991,1992,1993,1994,1995,1996,1997,1998,1999,2000,2001,2002,2003,2004,2005,2006,2007,2008,2009,2010,2011,2012,2013,2014,2015,2016,2017,2018,2019,2020,2021,2022,2023,2024
Aruba,ABW,Government Effectiveness: Estimate,GE.EST,,,,,,,,,,,,,,,,,,,,,,,,,,,,,,,,,,,,,,,,,,,,,1.28138864,1.287598014,1.27981782,1.246601224,1.270924687,1.496656418,1.246453404,1.236430407,1.247588158,1.221081257,0.887494266,0.847599268,0.85290575,0.875969708,1.013412714,0.987693906,1.074959755,1.083876252,1.105213404,0.795440853,
Africa Eastern and Southern,AFE,Government Effectiveness: Estimate,GE.EST,,,,,,,,,,,,,,,,,,,,,,,,,,,,,,,,,,,,,,,,,,,,,,,,,,,,,,,,,,,,,,,,,
Afghanistan,AFG,Government Effectiveness: Estimate,GE.EST,,,,,,,,,,,,,,,,,,,,,,,,,,,,,,,,,,,,,-2.175166607,,-2.102291822,,-2.173946142,,-1.587687016,-1.175768018,-0.945146263,-1.228815675,-1.473651528,-1.440110564,-1.527795076,-1.50775218,-1.478315592,-1.474100471,-1.375535131,-1.401462913,-1.361646175,-1.397394896,-1.291468024,-1.386596799,-1.50175786,-1.519112587,-1.611539483,-1.670587897,-1.880034804,-1.987013698,
Africa Western and Central,AFW,Government Effectiveness: Estimate,GE.EST,,,,,,,,,,,,,,,,,,,,,,,,,,,,,,,,,,,,,,,,,,,,,,,,,,,,,,,,,,,,,,,,,
Angola,AGO,Government Effectiveness: Estimate,GE.EST,,,,,,,,,,,,,,,,,,,,,,,,,,,,,,,,,,,,,-0.859939992,,-1.055107117,,-1.075034142,,-1.132157087,-1.124224305,-1.328872442,-1.11021924,-1.381049156,-1.205007195,-1.061388373,-0.945070207,-1.138267756,-1.193231225,-0.988945425,-1.242886543,-1.056573868,-0.929087341,-0.971493542,-0.951988995,-1.005251646,-1.128489852,-1.257484555,-1.12635994,-1.026034236,-1.008909583,
Albania,ALB,Government Effectiveness: Estimate,GE.EST,,,,,,,,,,,,,,,,,,,,,,,,,,,,,,,,,,,,,-0.688587904,,-0.732602537,,-0.917780161,,-0.624333382,-0.563986719,-0.408371657,-0.696387231,-0.580952644,-0.427722543,-0.367063493,-0.25594148,-0.279453218,-0.202177078,-0.268925011,-0.324457377,-0.04977081,0.027575254,0.029082362,0.098552845,0.080524534,-0.062300701,-0.155121222,-0.035985023,0.064540535,0.250855356,
Andorra,AND,Government Effectiveness: Estimate,GE.EST,,,,,,,,,,,,,,,,,,,,,,,,,,,,,,,,,,,,,1.414037704,,1.403356314,,1.380486727,,1.367723227,1.34903717,1.503764033,1.287598014,1.538402796,1.501772642,1.528406501,1.536201119,1.512716174,1.498924255,1.523346066,1.532495499,1.712165952,1.740735412,1.805405617,1.876946449,1.879219413,1.851920605,1.749241352,1.74892807,1.495260715,1.475438714,
Arab World,ARB,Government Effectiveness: Estimate,GE.EST,,,,,,,,,,,,,,,,,,,,,,,,,,,,,,,,,,,,,,,,,,,,,,,,,,,,,,,,,,,,,,,,,
United Arab Emirates,ARE,Government Effectiveness: Estimate,GE.EST,,,,,,,,,,,,,,,,,,,,,,,,,,,,,,,,,,,,,0.77663964,,0.752557337,,0.747685492,,0.796371579,0.537254989,0.687684059,0.716674387,0.945923328,0.943043947,0.898490906,1.009200454,0.918635428,1.0707618,1.162823677,1.19010067,1.451582909,1.500491738,1.410187006,1.408903241,1.426339626,1.380270243,1.285266876,1.363703489,1.299127936,1.604281902,
Argentina,ARG,Government Effectiveness: Estimate,GE.EST,,,,,,,,,,,,,,,,,,,,,,,,,,,,,,,,,,,,,0.16569005,,0.328712493,,-0.028038694,,-0.228479072,-0.034219984,0.015197393,-0.097979061,-0.033916309,-0.012532503,-0.123509347,-0.294032037,-0.111791946,-0.072361067,-0.206967011,-0.254236966,-0.111114293,-0.04947561,0.218796372,0.135085613,0.028060619,-0.120795332,-0.254261822,-0.390557259,-0.283489704,-0.377517343,
Armenia,ARM,Government Effectiveness: Estimate,GE.EST,,,,,,,,,,,,,,,,,,,,,,,,,,,,,,,,,,,,,-0.380564451,,-0.546766698,,-0.546417594,,-0.045769267,-0.197253704,-0.118263446,-0.142497808,-0.261502922,-0.381906569,-0.177952588,-0.026895642,-0.171523154,-0.115028307,-0.032386623,0.078317285,-0.257329762,-0.331789613,-0.312554419,-0.251550019,-0.170582667,-0.226045966,-0.304547429,-0.282197446,-0.314792365,-0.184129968,
American Samoa,ASM,Government Effectiveness: Estimate,GE.EST,,,,,,,,,,,,,,,,,,,,,,,,,,,,,,,,,,,,,,,,,,,,,-0.126988679,0.224700347,0.245477885,0.481087029,0.498479098,0.497974843,0.487727553,0.481366098,0.481229633,0.486766905,0.438561887,0.442817569,0.482561141,0.510476232,0.498675555,0.489976645,0.632649243,0.638740063,0.667629123,0.654167771,
Antigua and Barbuda,ATG,Government Effectiveness: Estimate,GE.EST,,,,,,,,,,,,,,,,,,,,,,,,,,,,,,,,,,,,,0.644922495,,0.652145922,,0.618822575,,0.568053842,0.576729536,0.540320277,0.447557688,0.407992005,0.399155051,0.498479098,0.497974843,0.487727553,0.481366098,0.481229633,0.486766905,-0.070879743,0.183234006,0.217992216,-0.036111854,-0.053542044,-0.054800943,-0.204794809,-0.193900943,-0.160002664,0.38041082,
Australia,AUS,Government Effectiveness: Estimate,GE.EST,,,,,,,,,,,,,,,,,,,,,,,,,,,,,,,,,,,,,1.800564528,,1.618118048,,1.732170224,,1.659198642,1.773278832,1.98494184,1.74618125,1.707899332,1.818955183,1.784767866,1.701963782,1.763391376,1.690138102,1.613148451,1.632453084,1.600894928,1.533252478,1.532188416,1.498386025,1.555989981,1.538690805,1.573353291,1.471722007,1.528432727,1.589879632,
Austria,AUT,Government Effectiveness: Estimate,GE.EST,,,,,,,,,,,,,,,,,,,,,,,,,,,,,,,,,,,,,1.731649637,,1.803506255,,1.847265244,,1.880228162,1.930461287,1.843770623,1.679529071,1.827385187,1.863565922,1.771658182,1.662739277,1.8125211,1.602885246,1.560189724,1.571379542,1.552995682,1.450979114,1.4748106,1.467751503,1.456116676,1.492126226,1.605863214,1.528294683,1.464922786,1.326681495,
Azerbaijan,AZE,Government Effectiveness: Estimate,GE.EST,,,,,,,,,,,,,,,,,,,,,,,,,,,,,,,,,,,,,-0.916389585,,-0.933607459,,-0.951395214,,-0.985208631,-0.93322897,-0.933772504,-0.741808712,-0.671189249,-0.802225649,-0.785877287,-0.664515078,-0.81301713,-0.772403717,-0.790763438,-0.452178389,-0.313590199,-0.25879246,-0.159376383,-0.171380609,-0.14513053,-0.128162757,-0.155263707,0.213475212,-0.041207097,-0.032642219,
Burundi,BDI,Government Effectiveness: Estimate,GE.EST,,,,,,,,,,,,,,,,,,,,,,,,,,,,,,,,,,,,,-1.662423134,,-1.601484895,,-1.412281871,,-1.502607822,-1.490272999,-1.238428354,-1.242520928,-1.110876799,-1.280528307,-1.135566115,-1.066739202,-1.124709845,-1.084920645,-1.309405923,-1.071233988,-1.151772141,-1.237577558,-1.484362721,-1.381946445,-1.449793339,-1.374816895,-1.302482963,-1.358192563,-1.263606191,-1.200113416,
Belgium,BEL,Government Effectiveness: Estimate,GE.EST,,,,,,,,,,,,,,,,,,,,,,,,,,,,,,,,,,,,,1.711543679,,1.770154357,,1.659194231,,1.915110826,1.868789554,1.854309201,1.706509709,1.743163943,1.602339387,1.381182075,1.567460179,1.654209852,1.723475814,1.671174169,1.701954961,1.5173527,1.529445291,1.397638321,1.240784049,1.224631786,1.113318324,1.078235269,1.0855726,1.227186441,1.037021995,
Benin,BEN,Government Effectiveness: Estimate,GE.EST,,,,,,,,,,,,,,,,,,,,,,,,,,,,,,,,,,,,,-0.380564451,,-0.349467725,,-0.396729678,,-0.576151073,-0.561285615,-0.524759591,-0.652987897,-0.647012532,-0.54374969,-0.492893785,-0.595060706,-0.609903872,-0.547139347,-0.526746511,-0.508882761,-0.485428423,-0.682311475,-0.625652373,-0.697358727,-0.63151896,-0.490367919,-0.29091385,-0.23760137,-0.170590237,-0.218984127,
Burkina Faso,BFA,Government Effectiveness: Estimate,GE.EST,,,,,,,,,,,,,,,,,,,,,,,,,,,,,,,,,,,,,-0.928940415,,-0.918438375,,-0.783201575,,-0.846448183,-0.812532127,-0.696795464,-0.604898989,-0.800563574,-0.770006239,-0.530283988,-0.617469728,-0.589095712,-0.568243742,-0.632368386,-0.670198977,-0.59253186,-0.692133605,-0.638990939,-0.638492048,-0.644067407,-0.778186262,-0.708106637,-0.765025079,-0.853148699,-0.826227486,
Bangladesh,BGD,Government Effectiveness: Estimate,GE.EST,,,,,,,,,,,,,,,,,,,,,,,,,,,,,,,,,,,,,-0.687850118,,-0.490328997,,-0.607652247,,-0.726736128,-0.838938594,-0.932882547,-0.918954313,-0.838699102,-0.707532763,-0.738396406,-0.802756429,-0.753689587,-0.772120714,-0.807726145,-0.79778111,-0.775071204,-0.752009571,-0.705847561,-0.752013147,-0.762283683,-0.753539622,-0.779491305,-0.653351545,-0.763355315,-0.697334111,
Bulgaria,BGR,Government Effectiveness: Estimate,GE.EST,,,,,,,,,,,,,,,,,,,,,,,,,,,,,,,,,,,,,-0.042584829,,-0.083464123,,0.037975479,,0.173596397,0.033697139,0.078745045,0.134381101,-0.130292177,-0.121084288,-0.172577277,0.071481422,-0.065325461,-0.071111389,-0.028386928,-0.013232986,-0.112378895,-0.012558597,0.088832639,0.098009646,0.111848846,0.173703477,-0.214027837,-0.173440278,-0.271232963,0.047112051,
Bahrain,BHR,Government Effectiveness: Estimate,GE.EST,,,,,,,,,,,,,,,,,,,,,,,,,,,,,,,,,,,,,0.77663964,,0.56640023,,0.551933765,,0.507285357,0.410245925,0.511063278,0.377598912,0.37367186,0.38399753,0.357916176,0.457579732,0.432563066,0.495083898,0.523878992,0.563222289,0.543822587,0.509945571,0.273154229,0.13666065,0.119608149,0.245226383,0.390440106,0.68239826,0.639720023,0.697198749,
"Bahamas, The",BHS,Government Effectiveness: Estimate,GE.EST,,,,,,,,,,,,,,,,,,,,,,,,,,,,,,,,,,,,,1.373242021,,1.264248252,,1.234283805,,1.255075932,1.222147465,1.201741815,1.205635905,1.163920283,1.102662563,1.14138484,1.004378319,1.070514321,0.97444886,0.983262956,0.867620707,0.72524631,0.679315686,0.682434142,0.539764047,0.500043929,0.445073813,0.405258924,0.419790894,0.423950404,0.270353258,
Bosnia and Herzegovina,BIH,Government Effectiveness: Estimate,GE.EST,,,,,,,,,,,,,,,,,,,,,,,,,,,,,,,,,,,,,-1.192045927,,-1.20836997,,-1.057379365,,-1.071950078,-0.880337358,-0.701365471,-0.764629543,-0.633319139,-0.858715117,-0.604502141,-0.721999884,-0.740558147,-0.736359298,-0.454691231,-0.433313489,-0.492096722,-0.624794006,-0.452135772,-0.51901722,-0.670872629,-0.706423223,-1.075703263,-1.073168516,-1.064960718,-0.967812538,
Belarus,BLR,Government Effectiveness: Estimate,GE.EST,,,,,,,,,,,,,,,,,,,,,,,,,,,,,,,,,,,,,-0.380564451,,-0.546766698,,-0.721570194,,-1.043802381,-1.052367449,-1.209570527,-1.135664225,-1.203701138,-1.160126925,-1.16596508,-1.209786892,-1.189770937,-1.19257617,-0.972218335,-0.96211797,-0.490350842,-0.489229083,-0.513944447,-0.357744187,-0.297942787,-0.174483389,-0.82965821,-0.804153621,-0.851723373,-0.991465747,
Belize,BLZ,Government Effectiveness: Estimate,GE.EST,,,,,,,,,,,,,,,,,,,,,,,,,,,,,,,,,,,,,0.388550758,,0.401742518,,0.364934474,,0.3014974,0.319293678,0.206384033,0.149592906,-0.111628041,-0.233249247,-0.313582987,-0.306065917,-0.261244267,-0.248732418,-0.165085405,-0.14557004,-0.543895483,-0.641967714,-0.635813773,-0.670175135,-0.627418995,-0.634233057,-0.603579581,-0.526691198,-0.356684655,-0.376311779,
Bermuda,BMU,Government Effectiveness: Estimate,GE.EST,,,,,,,,,,,,,,,,,,,,,,,,,,,,,,,,,,,,,1.157665968,,1.15295279,,1.126598597,,1.101166725,1.091601253,1.157846808,1.021873474,1.021232843,0.991429925,1.013442874,1.017087936,1.000221848,0.990145206,1.002287745,1.009631157,0.948003531,0.961984634,1.276267767,1.330358386,1.327001691,1.307142973,1.470093369,1.471381187,1.219383597,1.201681733,
Bolivia,BOL,Government Effectiveness: Estimate,GE.EST,,,,,,,,,,,,,,,,,,,,,,,,,,,,,,,,,,,,,-0.174989536,,-0.097585991,,-0.309992284,,-0.32778573,-0.383329839,-0.644271314,-0.699575067,-0.732252717,-0.574792743,-0.629991829,-0.604384601,-0.500350833,-0.469424754,-0.359967858,-0.37855944,-0.581926763,-0.676909506,-0.600444853,-0.395564675,-0.329585135,-0.790566325,-0.726455271,-0.763246834,-0.564738214,-0.639481068,
Brazil,BRA,Government Effectiveness: Estimate,GE.EST,,,,,,,,,,,,,,,,,,,,,,,,,,,,,,,,,,,,,-0.143133715,,-0.201571122,,0.043085087,,-0.034615345,0.081757367,-0.092270918,-0.157670245,-0.391295493,-0.290289968,-0.148200899,-0.151303574,-0.086862549,-0.15240407,-0.160548672,-0.119030975,-0.175920635,-0.255271554,-0.249387071,-0.317140609,-0.520569623,-0.234114677,-0.465709209,-0.492990375,-0.588259339,-0.546764314,
Barbados,BRB,Government Effectiveness: Estimate,GE.EST,,,,,,,,,,,,,,,,,,,,,,,,,,,,,,,,,,,,,1.414037704,,1.403356314,,1.380486727,,1.367723227,1.34903717,1.185357094,1.290568113,1.444167018,1.320860982,1.563377261,1.480470061,1.406382203,1.465136647,1.454383373,1.35085845,1.199272275,0.989065468,1.043902397,0.800105751,0.385260552,0.591981411,0.443785101,0.4978773,0.428394288,0.380443245,
Brunei Darussalam,BRN,Government Effectiveness: Estimate,GE.EST,,,,,,,,,,,,,,,,,,,,,,,,,,,,,,,,,,,,,0.927289665,,0.892576635,,0.866731763,,0.845220685,0.688541591,0.225117296,0.594697237,0.866387069,0.918139517,0.880708277,0.913909912,0.896695197,0.891406119,0.837668598,0.864722133,1.081712365,1.026416659,1.048698902,1.107937813,1.213115096,1.278817296,1.383309364,1.407124281,1.422282934,1.401787043,
Bhutan,BTN,Government Effectiveness: Estimate,GE.EST,,,,,,,,,,,,,,,,,,,,,,,,,,,,,,,,,,,,,0.644922495,,0.652145922,,0.618822575,,0.568053842,0.576729536,0.125093669,0.362013221,0.279721797,0.358816355,0.329717964,0.528889835,0.609069526,0.691294491,0.542693615,0.420869917,0.293826997,0.420701027,0.498982817,0.562770963,0.284297675,0.253064603,0.305567265,0.710913897,0.561293781,0.566305339,
Botswana,BWA,Government Effectiveness: Estimate,GE.EST,,,,,,,,,,,,,,,,,,,,,,,,,,,,,,,,,,,,,0.556376994,,0.430778682,,0.420466751,,0.536757171,0.619481266,0.598914623,0.581382811,0.421107769,0.533249736,0.517628551,0.415621072,0.388349593,0.411628902,0.422315121,0.378747165,0.298254311,0.451487899,0.497389317,0.367126554,0.2545439,0.375831962,0.167879269,0.323696464,0.439493865,0.430828422,
Central African Republic,CAF,Government Effectiveness: Estimate,GE.EST,,,,,,,,,,,,,,,,,,,,,,,,,,,,,,,,,,,,,-1.406051278,,-1.351081371,,-1.412281871,,-1.382853866,-1.19755888,-1.324392915,-1.584195971,-1.474969029,-1.528513432,-1.372090578,-1.396481991,-1.393128991,-1.313111782,-1.453209877,-1.625759482,-1.880911469,-1.811074018,-1.807310462,-1.792508602,-1.735437155,-1.780276179,-1.72879374,-1.673193574,-1.710303426,-1.735009193,
Canada,CAN,Government Effectiveness: Estimate,GE.EST,,,,,,,,,,,,,,,,,,,,,,,,,,,,,,,,,,,,,1.742363691,,1.877301693,,1.849078655,,1.860855937,1.924679995,1.900697708,1.882459402,1.892113328,1.75481534,1.782482386,1.742083311,1.777826786,1.772545457,1.756970048,1.780741096,1.753717661,1.730935335,1.744541049,1.815572977,1.675133944,1.697310686,1.598312855,1.561457276,1.566617727,1.516803265,
Central Europe and the Baltics,CEB,Government Effectiveness: Estimate,GE.EST,,,,,,,,,,,,,,,,,,,,,,,,,,,,,,,,,,,,,,,,,,,,,,,,,,,,,,,,,,,,,,,,,
Switzerland,CHE,Government Effectiveness: Estimate,GE.EST,,,,,,,,,,,,,,,,,,,,,,,,,,,,,,,,,,,,,1.757080555,,1.906915069,,1.956340551,,1.937041759,1.753735542,2.158515692,1.846282601,2.075267076,2.035807133,2.02759099,1.945025682,1.870959163,1.861643314,1.882824302,1.816378474,2.104318619,1.967453361,1.971780896,2.017803192,1.997076869,1.916227698,1.97202301,1.990797877,2.0494349,2.134927034,
Channel Islands,CHI,Government Effectiveness: Estimate,GE.EST,,,,,,,,,,,,,,,,,,,,,,,,,,,,,,,,,,,,,,,,,,,,,,,,,,,,,,,,,,,,,,,,,
Chile,CHL,Government Effectiveness: Estimate,GE.EST,,,,,,,,,,,,,,,,,,,,,,,,,,,,,,,,,,,,,1.337976933,,1.097435236,,1.005559683,,1.078486919,1.100245118,1.117753029,1.155609965,0.93773818,1.186738372,1.062142253,1.137571573,1.157241821,1.152272344,1.178443551,1.158031583,1.035074949,0.91883558,0.833843768,0.809455633,0.907178462,0.863498628,0.705044687,0.590294063,0.546218276,0.717555761,
China,CHN,Government Effectiveness: Estimate,GE.EST,,,,,,,,,,,,,,,,,,,,,,,,,,,,,,,,,,,,,-0.348653883,,-0.198783293,,-0.158842877,,-0.123097204,-0.147587299,-0.109930389,-0.140640497,0.035788015,0.165997371,0.165779024,0.093242049,0.091844857,0.083608709,0.015367764,-0.00512069,0.354851633,0.41742301,0.356383771,0.416875631,0.496678442,0.544862509,0.643971682,0.807911634,0.494212538,0.679014027,
Cote d'Ivoire,CIV,Government Effectiveness: Estimate,GE.EST,,,,,,,,,,,,,,,,,,,,,,,,,,,,,,,,,,,,,-0.260978222,,-0.233207598,,-1.007851839,,-0.941148579,-1.134496093,-1.279603481,-1.349593878,-1.16377902,-1.218914032,-1.252720952,-1.126518011,-1.297451496,-1.180755496,-1.108150959,-0.938218176,-0.857291639,-0.747540534,-0.736379206,-0.812218189,-0.647450387,-0.559171677,-0.53914851,-0.536951482,-0.333772421,-0.359512031,
Cameroon,CMR,Government Effectiveness: Estimate,GE.EST,,,,,,,,,,,,,,,,,,,,,,,,,,,,,,,,,,,,,-1.080202699,,-0.826229513,,-0.823291063,,-0.911196768,-0.842919767,-0.810298979,-0.931051731,-0.972049713,-0.854186416,-0.828287125,-0.853785098,-0.903040051,-0.894476116,-0.905474782,-0.925760508,-0.812917888,-0.833807588,-0.822786748,-0.861256957,-0.857635021,-0.866082966,-0.931410909,-0.904558957,-0.881507814,-0.906262577,
"Congo, Dem. Rep.",COD,Government Effectiveness: Estimate,GE.EST,,,,,,,,,,,,,,,,,,,,,,,,,,,,,,,,,,,,,-1.64999783,,-1.731027842,,-1.791944146,,-1.841436386,-1.713930964,-1.431272984,-1.566179037,-1.558564782,-1.734748244,-1.640379667,-1.653086424,-1.718958974,-1.680995941,-1.643586636,-1.468521357,-1.566837549,-1.642936707,-1.559830427,-1.666516185,-1.572487354,-1.655766368,-1.74490869,-1.75673008,-1.746674776,-1.689066291,
"Congo, Rep.",COG,Government Effectiveness: Estimate,GE.EST,,,,,,,,,,,,,,,,,,,,,,,,,,,,,,,,,,,,,-1.169292927,,-1.104274154,,-1.150753498,,-1.265289545,-1.189896345,-1.06095469,-1.276243806,-1.243664503,-1.32703352,-1.224059582,-1.217259049,-1.235752702,-1.205677867,-1.174897552,-1.159171343,-1.130526543,-1.070284843,-1.133835793,-1.244892716,-1.200247169,-1.131731987,-1.254402399,-1.319942117,-1.370098114,-1.334287405,
Colombia,COL,Government Effectiveness: Estimate,GE.EST,,,,,,,,,,,,,,,,,,,,,,,,,,,,,,,,,,,,,-0.458628893,,-0.325808048,,-0.403075814,,-0.487907588,-0.221860737,-0.215896517,-0.197672158,-0.191516101,-0.05022138,-0.025623215,-0.300557911,-0.123824142,-0.050426964,-0.001164993,0.053151831,-0.135854036,-0.093739085,-0.036966585,-0.140821368,-0.139370114,0.032715105,0.008475319,-0.04782765,0.01379638,-0.07587792,
Comoros,COM,Government Effectiveness: Estimate,GE.EST,,,,,,,,,,,,,,,,,,,,,,,,,,,,,,,,,,,,,-1.662423134,,-1.601484895,,-1.15839386,,-0.764728427,-1.225321651,-1.311572194,-1.61003685,-1.599316359,-1.764998317,-1.752612472,-1.72881937,-1.750223756,-1.809393167,-1.601847768,-1.610086918,-1.738661289,-1.641474962,-1.678195238,-1.677034378,-1.716065288,-1.753310442,-1.643052816,-1.813842893,-1.683056712,-1.535102248,
Cabo Verde,CPV,Government Effectiveness: Estimate,GE.EST,,,,,,,,,,,,,,,,,,,,,,,,,,,,,,,,,,,,,,,,,,,-0.270427465,-0.283033073,-0.347504288,-0.23593834,-0.030450098,0.2858527,-0.02914523,-0.083322749,-0.10074424,0.079263128,0.053455755,0.041681502,0.037463792,0.168272555,0.113703817,0.14313443,0.340908617,0.278803289,0.199302867,0.00169476,0.020835929,0.013676665,
Costa Rica,CRI,Government Effectiveness: Estimate,GE.EST,,,,,,,,,,,,,,,,,,,,,,,,,,,,,,,,,,,,,0.468430698,,0.309278876,,0.262206674,,0.306561232,0.211418957,0.212290198,0.149778128,0.030958638,0.211472005,0.270571917,0.321134418,0.298928887,0.283398628,0.47439906,0.45591116,0.362441927,0.306554466,0.283874512,0.222521707,0.352706403,0.347661406,0.196500391,0.222867385,0.052602667,0.260196477,
Caribbean small states,CSS,Government Effectiveness: Estimate,GE.EST,,,,,,,,,,,,,,,,,,,,,,,,,,,,,,,,,,,,,,,,,,,,,,,,,,,,,,,,,,,,,,,,,
Cuba,CUB,Government Effectiveness: Estimate,GE.EST,,,,,,,,,,,,,,,,,,,,,,,,,,,,,,,,,,,,,-0.908112824,,-0.504450858,,-0.368335545,,-0.584336102,-0.353687376,-0.454463214,-0.535868943,-0.24222663,-0.186341271,-0.358942688,-0.336485356,-0.33480683,-0.34895134,-0.376645595,-0.410627127,-0.035203315,0.00275491,-0.124649152,-0.198632568,-0.250103235,-0.177879781,-0.203988671,-0.249761373,-0.350906134,-0.475527823,
Curacao,CUW,Government Effectiveness: Estimate,GE.EST,,,,,,,,,,,,,,,,,,,,,,,,,,,,,,,,,,,,,,,,,,,,,,,,,,,,,,,,,,,,,,,,,
Cayman Islands,CYM,Government Effectiveness: Estimate,GE.EST,,,,,,,,,,,,,,,,,,,,,,,,,,,,,,,,,,,,,1.926781178,,1.904163122,,1.888262868,,1.90083611,1.34903717,1.25668025,1.287598014,1.27981782,1.246601224,1.270924687,1.264180064,1.246453404,1.236430407,1.247588158,1.221081257,1.175181389,1.130531549,1.14072907,1.182450056,1.157993197,1.125088573,1.074959755,1.239854932,1.262310982,1.237235069,
Cyprus,CYP,Government Effectiveness: Estimate,GE.EST,,,,,,,,,,,,,,,,,,,,,,,,,,,,,,,,,,,,,1.171663761,,1.19583571,,1.074904203,,1.295337439,1.123273849,1.107524633,1.152428985,1.261753798,1.421165586,1.52377522,1.4143821,1.526511192,1.557888627,1.383601069,1.359903574,1.135199547,1.017550707,0.92626673,0.885378718,0.883620501,0.955758095,0.839448512,0.697915256,0.730335236,0.737739921,
Czechia,CZE,Government Effectiveness: Estimate,GE.EST,,,,,,,,,,,,,,,,,,,,,,,,,,,,,,,,,,,,,0.620582998,,0.585556746,,0.587459147,,0.921997309,0.854176342,0.864507556,0.913030744,1.082499385,0.845191836,0.951468647,0.873511851,0.901729405,0.922613502,0.921718597,0.915809274,1.031133413,1.025596142,1.008115768,1.03059423,0.951154172,0.919642746,0.910964906,1.069740176,1.093418837,1.114011407,
Germany,DEU,Government Effectiveness: Estimate,GE.EST,,,,,,,,,,,,,,,,,,,,,,,,,,,,,,,,,,,,,1.724676728,,1.812501669,,1.804531693,,1.660018086,1.357405186,1.46714747,1.500524759,1.645976067,1.63131237,1.514055371,1.575109243,1.515693784,1.500138998,1.530975819,1.5104146,1.664824605,1.656397581,1.66018796,1.613111734,1.523563743,1.495345831,1.313688159,1.289112926,1.289299607,1.185416698,
Djibouti,DJI,Government Effectiveness: Estimate,GE.EST,,,,,,,,,,,,,,,,,,,,,,,,,,,,,,,,,,,,,-0.893307924,,-0.850274563,,-0.90450573,,-0.764728427,-0.710449934,-0.63551265,-0.816437662,-0.915733159,-0.902503431,-0.917434335,-0.933081448,-1.00690794,-0.981007636,-1.081616044,-0.98095417,-1.016117573,-1.017742515,-1.039555311,-1.086727023,-0.986045361,-0.818095088,-0.761062145,-0.83215642,-0.786802113,-0.731475413,
Dominica,DMA,Government Effectiveness: Estimate,GE.EST,,,,,,,,,,,,,,,,,,,,,,,,,,,,,,,,,,,,,0.644922495,,0.652145922,,0.872710645,,0.834610283,0.834165394,0.623478174,0.570550501,0.567707121,0.593567669,0.629704237,0.670539856,0.680927038,0.674052,0.750935078,0.795055389,0.162609264,0.21450679,0.168494433,-0.242147714,-0.268966734,-0.253059536,-0.126768589,-0.120297246,-0.097323522,0.260825008,
Denmark,DNK,Government Effectiveness: Estimate,GE.EST,,,,,,,,,,,,,,,,,,,,,,,,,,,,,,,,,,,,,1.759047866,,1.910748959,,1.896548867,,2.024043322,2.087978601,2.287221909,2.114906788,2.223954439,2.347190857,2.241359234,2.228607893,2.100070477,2.101074696,1.986991048,1.943262935,1.784928679,1.794742465,1.821177006,1.746830583,1.810602069,1.87326777,1.840067387,1.959734082,1.990135074,2.015648842,
Dominican Republic,DOM,Government Effectiveness: Estimate,GE.EST,,,,,,,,,,,,,,,,,,,,,,,,,,,,,,,,,,,,,-0.223238394,,-0.526742637,,-0.425159574,,-0.38699019,-0.555919051,-0.659424365,-0.51740104,-0.557839572,-0.666550159,-0.635512412,-0.620937765,-0.687138081,-0.630819678,-0.538394749,-0.4889386,-0.456834704,-0.394820213,-0.290739775,-0.383381039,-0.388735533,-0.351295412,-0.281447858,-0.002571227,-0.068461061,0.128034413,
Algeria,DZA,Government Effectiveness: Estimate,GE.EST,,,,,,,,,,,,,,,,,,,,,,,,,,,,,,,,,,,,,-1.088766456,,-0.883071959,,-1.01074934,,-0.614207327,-0.674277365,-0.559222877,-0.446233422,-0.43816179,-0.537276387,-0.603184521,-0.534546137,-0.39590171,-0.520578742,-0.447385341,-0.431544006,-0.33986479,-0.410829484,-0.464708805,-0.53702414,-0.488536388,-0.567920983,-0.573643208,-0.652745783,-0.513499498,-0.67013514,
East Asia & Pacific (excluding high income),EAP,Government Effectiveness: Estimate,GE.EST,,,,,,,,,,,,,,,,,,,,,,,,,,,,,,,,,,,,,,,,,,,,,,,,,,,,,,,,,,,,,,,,,
Early-demographic dividend,EAR,Government Effectiveness: Estimate,GE.EST,,,,,,,,,,,,,,,,,,,,,,,,,,,,,,,,,,,,,,,,,,,,,,,,,,,,,,,,,,,,,,,,,
East Asia & Pacific,EAS,Government Effectiveness: Estimate,GE.EST,,,,,,,,,,,,,,,,,,,,,,,,,,,,,,,,,,,,,,,,,,,,,,,,,,,,,,,,,,,,,,,,,
Europe & Central Asia (excluding high income),ECA,Government Effectiveness: Estimate,GE.EST,,,,,,,,,,,,,,,,,,,,,,,,,,,,,,,,,,,,,,,,,,,,,,,,,,,,,,,,,,,,,,,,,
Europe & Central Asia,ECS,Government Effectiveness: Estimate,GE.EST,,,,,,,,,,,,,,,,,,,,,,,,,,,,,,,,,,,,,,,,,,,,,,,,,,,,,,,,,,,,,,,,,
Ecuador,ECU,Government Effectiveness: Estimate,GE.EST,,,,,,,,,,,,,,,,,,,,,,,,,,,,,,,,,,,,,-0.475311697,,-0.35470736,,-0.685290277,,-0.831196308,-0.936161399,-0.957234144,-0.967794538,-1.037939191,-0.86144954,-0.854377806,-0.738012195,-0.674511254,-0.527820349,-0.474284679,-0.448586315,-0.385554224,-0.394527704,-0.383570671,-0.352247715,-0.317793667,-0.367696136,-0.47050634,-0.241593525,-0.309278339,-0.494244993,
"Egypt, Arab Rep.",EGY,Government Effectiveness: Estimate,GE.EST,,,,,,,,,,,,,,,,,,,,,,,,,,,,,,,,,,,,,-0.473676085,,-0.204747275,,-0.174759328,,-0.446098298,-0.389788568,-0.278711498,-0.399056733,-0.498237222,-0.374726385,-0.380703539,-0.2080881,-0.321309954,-0.44088906,-0.681878209,-0.782936871,-0.716656744,-0.690327764,-0.536168873,-0.530632019,-0.454036295,-0.251354307,-0.446171612,-0.457696795,-0.44823131,-0.239516973,
Euro area,EMU,Government Effectiveness: Estimate,GE.EST,,,,,,,,,,,,,,,,,,,,,,,,,,,,,,,,,,,,,,,,,,,,,,,,,,,,,,,,,,,,,,,,,
Eritrea,ERI,Government Effectiveness: Estimate,GE.EST,,,,,,,,,,,,,,,,,,,,,,,,,,,,,,,,,,,,,-1.149679661,,-1.100677967,,-1.15839386,,-0.739994645,-0.84239763,-1.052772284,-0.984283984,-1.33474803,-1.345759273,-1.338564634,-1.399344325,-1.399127483,-1.492120028,-1.512514591,-1.552027225,-1.680772066,-1.679695249,-1.781511307,-1.797552109,-1.76837337,-1.802595377,-1.643217921,-1.695973754,-1.731297612,-1.793756127,
Spain,ESP,Government Effectiveness: Estimate,GE.EST,,,,,,,,,,,,,,,,,,,,,,,,,,,,,,,,,,,,,1.620027184,,1.597302556,,1.685757279,,1.786120415,1.816807151,1.33226645,1.501574278,0.83016777,0.987038195,0.912503183,0.941682339,0.94297415,0.9724015,1.057162166,1.167685986,1.173297644,1.157250285,1.094865799,1.001258492,0.96924603,0.96880877,0.853928566,0.907896876,0.920230389,0.752065539,
Estonia,EST,Government Effectiveness: Estimate,GE.EST,,,,,,,,,,,,,,,,,,,,,,,,,,,,,,,,,,,,,0.61150378,,0.495435953,,0.687826872,,0.667886496,0.8802706,0.903343916,0.937840044,1.146915197,1.00763607,1.157636881,1.00224793,1.076666474,1.067273974,0.945922077,0.966788173,1.011212349,1.035938263,1.054597974,1.072290301,1.150558114,1.139766812,1.299006701,1.343293428,1.342632174,1.263469934,
Ethiopia,ETH,Government Effectiveness: Estimate,GE.EST,,,,,,,,,,,,,,,,,,,,,,,,,,,,,,,,,,,,,-1.207593679,,-1.190728784,,-1.206501126,,-1.044390798,-1.070227385,-0.878722608,-0.917718351,-0.690580487,-0.47174859,-0.450209558,-0.562428534,-0.488994628,-0.52104193,-0.45418036,-0.620984316,-0.443245232,-0.712037623,-0.714294851,-0.75925535,-0.666894257,-0.661420763,-0.589582562,-0.650382698,-0.791824162,-0.768662095,
European Union,EUU,Government Effectiveness: Estimate,GE.EST,,,,,,,,,,,,,,,,,,,,,,,,,,,,,,,,,,,,,,,,,,,,,,,,,,,,,,,,,,,,,,,,,
Fragile and conflict affected situations,FCS,Government Effectiveness: Estimate,GE.EST,,,,,,,,,,,,,,,,,,,,,,,,,,,,,,,,,,,,,,,,,,,,,,,,,,,,,,,,,,,,,,,,,
Finland,FIN,Government Effectiveness: Estimate,GE.EST,,,,,,,,,,,,,,,,,,,,,,,,,,,,,,,,,,,,,1.724996448,,1.949857116,,2.029718637,,2.096402645,2.194003105,2.147619724,2.124531746,2.167617321,1.968120813,2.041240215,2.225460052,2.223886967,2.235192299,2.210311174,2.180622101,2.025045633,1.843161941,1.841619015,1.977277756,2.013877869,1.972805023,1.901003957,1.918310881,1.754582405,1.738606572,
Fiji,FJI,Government Effectiveness: Estimate,GE.EST,,,,,,,,,,,,,,,,,,,,,,,,,,,,,,,,,,,,,-0.1241927,,-0.09906432,,-0.142841607,,0.3014974,0.061857771,-0.472905904,-0.041024055,-0.013107114,-0.539598525,-1.046411991,-1.174542904,-0.91529572,-0.898599446,-1.049023747,-1.029848695,-0.400987983,-0.334282905,-0.280381352,0.2371822,0.774784267,0.762365401,0.59055531,0.660467982,0.593959332,0.490778685,
France,FRA,Government Effectiveness: Estimate,GE.EST,,,,,,,,,,,,,,,,,,,,,,,,,,,,,,,,,,,,,1.2518574,,1.45350337,,1.637057304,,1.544081688,1.651094556,1.755630255,1.666454792,1.628476262,1.464574933,1.574034333,1.477054477,1.462661028,1.392306805,1.373381257,1.482052445,1.412870884,1.417322278,1.380623579,1.308906794,1.419718504,1.33822,1.204251051,1.228540301,1.165212154,1.14462626,
Faroe Islands,FRO,Government Effectiveness: Estimate,GE.EST,,,,,,,,,,,,,,,,,,,,,,,,,,,,,,,,,,,,,,,,,,,,,,,,,,,,,,,,,,,,,,,,,
"Micronesia, Fed. Sts.",FSM,Government Effectiveness: Estimate,GE.EST,,,,,,,,,,,,,,,,,,,,,,,,,,,,,,,,,,,,,,,,,,,,,-0.028155174,0.114489794,-0.031808387,-0.533418953,-0.510507524,-0.356076509,-0.469835222,-0.803260207,-0.643046975,-0.562601626,-0.507697582,-0.155896083,-0.044729531,0.397115678,0.163907796,0.096834414,0.357185036,0.304561198,0.379875273,0.23234731,
Gabon,GAB,Government Effectiveness: Estimate,GE.EST,,,,,,,,,,,,,,,,,,,,,,,,,,,,,,,,,,,,,-0.199152008,,-0.462085247,,-0.484881252,,-0.282606691,-0.425413877,-0.849328279,-0.83627075,-0.835813224,-0.833615065,-0.900729418,-0.762323499,-0.795974076,-0.847473443,-0.961209893,-0.868893802,-0.606707335,-0.759362698,-0.832691252,-1.004271269,-0.826597571,-0.957504511,-0.991475403,-0.81638217,-0.685424149,-0.779809296,
United Kingdom,GBR,Government Effectiveness: Estimate,GE.EST,,,,,,,,,,,,,,,,,,,,,,,,,,,,,,,,,,,,,1.882196069,,1.862164617,,1.768822312,,1.779725552,1.746334672,1.868020773,1.761572123,1.666798234,1.641638756,1.634806633,1.508096457,1.617997527,1.604194641,1.591210365,1.512266517,1.623491168,1.705227733,1.573777437,1.430928707,1.361698747,1.449825883,1.332154155,1.239673018,1.238090038,1.161142707,
Georgia,GEO,Government Effectiveness: Estimate,GE.EST,,,,,,,,,,,,,,,,,,,,,,,,,,,,,,,,,,,,,-0.636936128,,-0.599871159,,-0.42815426,,-0.712642133,-0.198497936,-0.55611527,-0.42787379,-0.244788364,0.121599525,0.305029035,0.297784507,0.32738781,0.578812718,0.63056618,0.606947124,0.424183518,0.263111502,0.420896292,0.481504321,0.518133521,0.76619947,0.716738403,0.616529405,0.650143087,0.791285872,
Ghana,GHA,Government Effectiveness: Estimate,GE.EST,,,,,,,,,,,,,,,,,,,,,,,,,,,,,,,,,,,,,-0.119933769,,-0.219085738,,0.033526257,,-0.088578701,-0.290672481,-0.351197213,-0.211272329,0.027578475,0.086274959,-0.030509133,-0.124868348,-0.102774084,-0.090155482,-0.090008765,-0.134414941,-0.307953179,-0.319785863,-0.254053384,-0.187149078,-0.319947094,-0.289961249,-0.196979344,-0.176513523,-0.106421269,-0.092661589,
Gibraltar,GIB,Government Effectiveness: Estimate,GE.EST,,,,,,,,,,,,,,,,,,,,,,,,,,,,,,,,,,,,,,,,,,,,,,,,,,,,,,,,,,,,,,,,,
Guinea,GIN,Government Effectiveness: Estimate,GE.EST,,,,,,,,,,,,,,,,,,,,,,,,,,,,,,,,,,,,,-1.169292927,,-0.849191964,,-0.877114892,,-0.959807038,-0.768268347,-0.905938566,-1.065179944,-1.272546649,-1.257239223,-1.183345079,-1.04185617,-1.121801972,-1.142931342,-1.258166909,-1.170506477,-1.238075733,-1.185445189,-1.065927148,-1.085493922,-1.025496125,-0.855751395,-0.969097733,-0.952450454,-0.914215863,-0.9079386,
"Gambia, The",GMB,Government Effectiveness: Estimate,GE.EST,,,,,,,,,,,,,,,,,,,,,,,,,,,,,,,,,,,,,-0.619082868,,-0.477520347,,-0.50956285,,-0.619889736,-0.41979298,-0.592966557,-0.723472834,-0.729212224,-0.614888132,-0.769183159,-0.743443966,-0.74709022,-0.673657119,-0.57527858,-0.740152121,-0.719993353,-0.990610838,-0.937365174,-0.745089054,-0.751373351,-0.765238345,-0.786214232,-0.676103711,-0.653572559,-0.590593457,
Guinea-Bissau,GNB,Government Effectiveness: Estimate,GE.EST,,,,,,,,,,,,,,,,,,,,,,,,,,,,,,,,,,,,,-1.409645319,,-1.290109992,,-0.966977537,,-1.060361862,-1.189896345,-1.347093582,-1.36588943,-1.131372213,-1.104928732,-1.064272881,-1.051435113,-1.070348144,-1.075679898,-1.292102098,-1.457034111,-1.644835949,-1.654444456,-1.707299471,-1.80647552,-1.521936774,-1.560185552,-1.465614915,-1.448295355,-1.486932755,-1.432584286,
Equatorial Guinea,GNQ,Government Effectiveness: Estimate,GE.EST,,,,,,,,,,,,,,,,,,,,,,,,,,,,,,,,,,,,,-0.958404481,,-1.041311145,,-1.061323404,,-1.142499089,-1.106022835,-1.192216873,-1.186232328,-1.274285555,-1.272187829,-1.262657881,-1.256609201,-1.256140471,-1.257892609,-1.253587604,-1.35611558,-1.162660003,-1.179073334,-1.164369941,-1.172330379,-1.196211457,-1.041347861,-1.215559959,-1.184058547,-1.297055483,-1.320349097,
Greece,GRC,Government Effectiveness: Estimate,GE.EST,,,,,,,,,,,,,,,,,,,,,,,,,,,,,,,,,,,,,0.83755517,,0.736908495,,0.587037921,,0.77604568,0.703846335,0.785955906,0.709748507,0.629231572,0.55182898,0.577969372,0.615196586,0.492912799,0.451953709,0.276448935,0.357173413,0.298027337,0.145935848,0.12441732,0.239155456,0.258464664,0.314295799,0.402936995,0.406026542,0.446967661,0.148003027,
Grenada,GRD,Government Effectiveness: Estimate,GE.EST,,,,,,,,,,,,,,,,,,,,,,,,,,,,,,,,,,,,,0.644922495,,0.652145922,,0.618822575,,0.568053842,0.576729536,0.561109722,0.388591379,0.390893787,0.318634808,0.238701925,0.238683417,0.19069317,0.279186755,0.323037148,0.276314855,-0.055438247,-0.150991276,-0.119182765,-0.144570038,-0.196969509,-0.10855905,0.002467415,0.020435937,0.038515937,-0.006056052,
Greenland,GRL,Government Effectiveness: Estimate,GE.EST,,,,,,,,,,,,,,,,,,,,,,,,,,,,,,,,,,,,,,,,,,,,,,,,,,1.025698423,1.012145519,1.001034737,0.996137679,0.938511729,0.916182518,0.842609763,0.814577758,0.81028825,0.808081806,0.786860943,0.766512632,0.747944891,0.756547511,0.763896942,
Guatemala,GTM,Government Effectiveness: Estimate,GE.EST,,,,,,,,,,,,,,,,,,,,,,,,,,,,,,,,,,,,,-0.454697043,,-0.35470736,,-0.56138736,,-0.563064635,-0.570908546,-0.805464208,-0.796116292,-0.69197464,-0.663869917,-0.647270858,-0.709745109,-0.720754623,-0.72451061,-0.787666738,-0.727540255,-0.762856305,-0.769879937,-0.654102445,-0.692473888,-0.717763662,-0.726514339,-0.713372231,-0.7828632,-0.907798588,-0.897167265,
Guam,GUM,Government Effectiveness: Estimate,GE.EST,,,,,,,,,,,,,,,,,,,,,,,,,,,,,,,,,,,,,,,,,,,,,0.342470467,0.224700347,0.245477885,0.22591567,0.240997225,-0.021138338,-0.024766769,-0.027412975,-0.039828543,-0.036097359,0.438561887,0.442817569,0.217992216,0.2371822,0.222566724,0.217587844,0.632649243,0.638740063,0.667629123,0.654167771,
Guyana,GUY,Government Effectiveness: Estimate,GE.EST,,,,,,,,,,,,,,,,,,,,,,,,,,,,,,,,,,,,,-0.378730357,,-0.036602434,,-0.052148212,,-0.17941758,-0.022933019,-0.040472262,-0.500283241,-0.292215288,-0.013545465,-0.177931428,-0.181886002,-0.122200236,-0.082134813,-0.100731432,-0.102227435,-0.221426651,-0.330193788,-0.283567518,-0.281807274,-0.254847735,-0.395576239,-0.446742803,-0.261401027,-0.266314894,-0.294487,
High income,HIC,Government Effectiveness: Estimate,GE.EST,,,,,,,,,,,,,,,,,,,,,,,,,,,,,,,,,,,,,,,,,,,,,,,,,,,,,,,,,,,,,,,,,
"Hong Kong SAR, China",HKG,Government Effectiveness: Estimate,GE.EST,,,,,,,,,,,,,,,,,,,,,,,,,,,,,,,,,,,,,1.036225438,,1.096901536,,1.26450181,,1.331108093,1.590251565,1.735531569,1.609486461,1.91120851,1.864174366,1.846999526,1.737375617,1.675357342,1.64496851,1.82570827,1.737940311,1.825910926,1.877949238,1.803859115,1.86339438,1.86079669,1.707024813,1.618365645,1.487612486,1.589662552,1.554835677,
Honduras,HND,Government Effectiveness: Estimate,GE.EST,,,,,,,,,,,,,,,,,,,,,,,,,,,,,,,,,,,,,-0.743915081,,-0.611828744,,-0.579896092,,-0.685433745,-0.761468172,-0.716462851,-0.680190563,-0.660407066,-0.553879499,-0.622831583,-0.674577832,-0.636895478,-0.520890951,-0.691542149,-0.724005818,-0.812356412,-0.859404504,-0.763441384,-0.530908048,-0.618258476,-0.619122744,-0.645809412,-0.819059908,-0.867296338,-0.795222759,
Heavily indebted poor countries (HIPC),HPC,Government Effectiveness: Estimate,GE.EST,,,,,,,,,,,,,,,,,,,,,,,,,,,,,,,,,,,,,,,,,,,,,,,,,,,,,,,,,,,,,,,,,
Croatia,HRV,Government Effectiveness: Estimate,GE.EST,,,,,,,,,,,,,,,,,,,,,,,,,,,,,,,,,,,,,0.102206022,,0.038035642,,0.36339438,,0.328575701,0.318801135,0.44430086,0.455620646,0.555540442,0.456446975,0.572743833,0.58542639,0.581434488,0.502175212,0.675028205,0.675364792,0.676334918,0.457353413,0.422308266,0.535491705,0.513932765,0.456785351,0.424775809,0.552374601,0.58131361,0.712653697,
Haiti,HTI,Government Effectiveness: Estimate,GE.EST,,,,,,,,,,,,,,,,,,,,,,,,,,,,,,,,,,,,,-0.998445451,,-1.173520446,,-1.240616202,,-1.356972814,-1.480658054,-1.713390827,-1.336015582,-1.296621323,-1.318298459,-1.305670977,-1.50691092,-1.647579312,-1.691781521,-1.659283638,-1.590577126,-2.085828543,-2.101393461,-2.17236352,-2.128218412,-1.966037631,-2.0671134,-2.113319159,-2.221157312,-2.228161335,-2.225333929,
Hungary,HUN,Government Effectiveness: Estimate,GE.EST,,,,,,,,,,,,,,,,,,,,,,,,,,,,,,,,,,,,,0.863268733,,0.936182857,,0.999929845,,0.991949141,0.827253759,0.801826775,0.748192906,0.839411974,0.691066802,0.695977867,0.668048382,0.644822657,0.650211632,0.608617842,0.678418398,0.582895637,0.509736955,0.457127035,0.481280267,0.443152636,0.450478911,0.538535595,0.59682107,0.533869922,0.372758895,
IBRD only,IBD,Government Effectiveness: Estimate,GE.EST,,,,,,,,,,,,,,,,,,,,,,,,,,,,,,,,,,,,,,,,,,,,,,,,,,,,,,,,,,,,,,,,,
IDA & IBRD total,IBT,Government Effectiveness: Estimate,GE.EST,,,,,,,,,,,,,,,,,,,,,,,,,,,,,,,,,,,,,,,,,,,,,,,,,,,,,,,,,,,,,,,,,
IDA total,IDA,Government Effectiveness: Estimate,GE.EST,,,,,,,,,,,,,,,,,,,,,,,,,,,,,,,,,,,,,,,,,,,,,,,,,,,,,,,,,,,,,,,,,
IDA blend,IDB,Government Effectiveness: Estimate,GE.EST,,,,,,,,,,,,,,,,,,,,,,,,,,,,,,,,,,,,,,,,,,,,,,,,,,,,,,,,,,,,,,,,,
Indonesia,IDN,Government Effectiveness: Estimate,GE.EST,,,,,,,,,,,,,,,,,,,,,,,,,,,,,,,,,,,,,-0.705335677,,-0.694517493,,-0.366054028,,-0.550523043,-0.596454501,-0.49050501,-0.502644718,-0.348611891,-0.307463616,-0.262719125,-0.330059111,-0.266941011,-0.321591944,-0.330479681,-0.244262353,-0.066690765,-0.325818121,-0.050782252,-0.019734269,0.141379878,0.138700008,0.31706503,0.346443444,0.436147511,0.580326378,
IDA only,IDX,Government Effectiveness: Estimate,GE.EST,,,,,,,,,,,,,,,,,,,,,,,,,,,,,,,,,,,,,,,,,,,,,,,,,,,,,,,,,,,,,,,,,
Isle of Man,IMN,Government Effectiveness: Estimate,GE.EST,,,,,,,,,,,,,,,,,,,,,,,,,,,,,,,,,,,,,,,,,,,,,,,,,,,,,,,,,,,,,,,,,
India,IND,Government Effectiveness: Estimate,GE.EST,,,,,,,,,,,,,,,,,,,,,,,,,,,,,,,,,,,,,-0.111606687,,-0.114457399,,-0.187351525,,-0.189068422,-0.143909425,-0.179698884,-0.098774634,-0.095376492,0.136991709,-0.009732914,-0.003295789,0.031655986,0.02255407,-0.156087115,-0.157355145,-0.222846583,0.0800815,0.061389416,0.041096631,0.262917787,0.130771831,0.374532461,0.249238417,0.369541675,0.475110143,
Not classified,INX,Government Effectiveness: Estimate,GE.EST,,,,,,,,,,,,,,,,,,,,,,,,,,,,,,,,,,,,,,,,,,,,,,,,,,,,,,,,,,,,,,,,,
Ireland,IRL,Government Effectiveness: Estimate,GE.EST,,,,,,,,,,,,,,,,,,,,,,,,,,,,,,,,,,,,,1.670319676,,1.736843228,,1.592732906,,1.571493626,1.496550441,1.519247532,1.730557203,1.531674147,1.554253817,1.491493106,1.33218801,1.344303727,1.45015204,1.539069533,1.504042864,1.598833084,1.520840526,1.329557776,1.267288804,1.378243089,1.257561564,1.435243845,1.463425398,1.548570275,1.591145515,
"Iran, Islamic Rep.",IRN,Government Effectiveness: Estimate,GE.EST,,,,,,,,,,,,,,,,,,,,,,,,,,,,,,,,,,,,,-0.600068271,,-0.490328997,,-0.492341906,,-0.616700828,-0.565392554,-0.501296878,-0.662730694,-0.555354536,-0.648909569,-0.682821751,-0.577192843,-0.497738332,-0.452714682,-0.542041421,-0.690026343,-0.43845731,-0.253069669,-0.237505525,-0.241994992,-0.478610486,-0.599589229,-1.017594695,-0.887051046,-0.882911623,-1.022396922,
Iraq,IRQ,Government Effectiveness: Estimate,GE.EST,,,,,,,,,,,,,,,,,,,,,,,,,,,,,,,,,,,,,-2.088644505,,-1.919372201,,-1.92812109,,-1.962571979,-1.749674678,-1.618692398,-1.635496974,-1.730545282,-1.563806653,-1.236070275,-1.186728716,-1.103962779,-1.074512243,-1.055955291,-1.049294233,-1.05569768,-1.202222586,-1.230107903,-1.22211647,-1.266936302,-1.310781717,-1.303391814,-1.320098639,-1.302760363,-1.389606357,
Iceland,ISL,Government Effectiveness: Estimate,GE.EST,,,,,,,,,,,,,,,,,,,,,,,,,,,,,,,,,,,,,1.86076653,,1.84430778,,1.944974422,,1.956811666,2.039963245,2.052343845,1.96848774,1.890158772,1.788887382,1.822548985,1.631365061,1.580402136,1.577475905,1.483144403,1.482985735,1.485367417,1.460936904,1.349935532,1.413584232,1.425814152,1.482034922,1.475929976,1.593883872,1.562987089,1.555120945,
Israel,ISR,Government Effectiveness: Estimate,GE.EST,,,,,,,,,,,,,,,,,,,,,,,,,,,,,,,,,,,,,0.774172544,,1.040769339,,1.05533421,,1.030793786,1.139866829,1.241997004,1.038459897,1.247835636,1.230673552,1.325644255,1.271435261,1.386229038,1.336796761,1.26981163,1.243064404,1.206179619,1.356556654,1.309555888,1.348787904,1.169254184,1.288586617,1.05196321,1.250802159,1.236107588,1.145369768,
Italy,ITA,Government Effectiveness: Estimate,GE.EST,,,,,,,,,,,,,,,,,,,,,,,,,,,,,,,,,,,,,0.840325475,,0.829069972,,0.722742617,,0.753255427,0.743869483,0.628187001,0.556203485,0.356097698,0.191648334,0.272778869,0.417277068,0.467300355,0.403479129,0.447511166,0.532426715,0.472872227,0.490196675,0.544244647,0.491924196,0.408853263,0.450929791,0.360754579,0.325260878,0.448645294,0.611036897,
Jamaica,JAM,Government Effectiveness: Estimate,GE.EST,,,,,,,,,,,,,,,,,,,,,,,,,,,,,,,,,,,,,0.139938012,,0.224192709,,0.002156443,,-0.077622436,-0.018323623,0.125264555,-0.170190066,0.189769745,0.322974682,0.314200759,0.276933074,0.297299355,0.291849315,0.045993332,0.074743442,0.202608481,0.29469943,0.473698229,0.55266434,0.595467865,0.588935792,0.528545618,0.376744121,0.603865921,0.407290459,
Jordan,JOR,Government Effectiveness: Estimate,GE.EST,,,,,,,,,,,,,,,,,,,,,,,,,,,,,,,,,,,,,-0.0329143,,0.084935077,,0.016994981,,0.07888519,0.143887758,0.01599719,-0.01448286,0.171369687,0.22218886,0.228571236,0.230430722,0.085859656,0.092068695,0.040052194,-0.008051956,0.134615451,0.107392669,0.116379067,0.067603804,0.095231116,0.074829601,0.094962642,0.19454968,0.194110766,0.386213511,
Japan,JPN,Government Effectiveness: Estimate,GE.EST,,,,,,,,,,,,,,,,,,,,,,,,,,,,,,,,,,,,,0.910290778,,1.016816854,,1.14183569,,1.016847968,1.157461047,1.343322992,1.285486221,1.584960938,1.441259503,1.451748848,1.450104356,1.522350907,1.466912746,1.407989621,1.610509396,1.805413008,1.753165483,1.784825563,1.579890251,1.634588718,1.55003655,1.547300577,1.361168146,1.619415402,1.631265044,
Kazakhstan,KAZ,Government Effectiveness: Estimate,GE.EST,,,,,,,,,,,,,,,,,,,,,,,,,,,,,,,,,,,,,-0.958404481,,-0.868950129,,-0.778521121,,-1.074650884,-0.76500231,-0.776483059,-0.670579016,-0.477032125,-0.665853739,-0.524131656,-0.440470606,-0.492905259,-0.511159062,-0.525388718,-0.62073499,-0.082010619,-0.146881282,-0.142129123,-0.065825567,-0.042083636,0.06884712,0.105691098,0.029729318,0.142756045,0.146814674,
Kenya,KEN,Government Effectiveness: Estimate,GE.EST,,,,,,,,,,,,,,,,,,,,,,,,,,,,,,,,,,,,,-0.520850062,,-0.490328997,,-0.620078623,,-0.756493151,-0.705886006,-0.66613555,-0.70911026,-0.655459583,-0.529211044,-0.624475121,-0.664479375,-0.582948446,-0.578526676,-0.540134847,-0.477865994,-0.358901531,-0.393976986,-0.402430564,-0.3903566,-0.493653178,-0.441659153,-0.399473369,-0.325909495,-0.329533219,-0.303605199,
Kyrgyz Republic,KGZ,Government Effectiveness: Estimate,GE.EST,,,,,,,,,,,,,,,,,,,,,,,,,,,,,,,,,,,,,-0.380564451,,-0.349467725,,-0.405962914,,-0.563407242,-0.556115866,-0.657609522,-0.875677228,-0.815081477,-0.786064029,-0.799226165,-0.969546199,-0.656763852,-0.636238277,-0.646593213,-0.649990082,-0.871007264,-0.978849113,-0.965182245,-0.751179636,-0.646288574,-0.731618404,-0.576322258,-0.776387393,-0.890511036,-0.890727878,
Cambodia,KHM,Government Effectiveness: Estimate,GE.EST,,,,,,,,,,,,,,,,,,,,,,,,,,,,,,,,,,,,,-0.724763095,,-0.874252379,,-0.897491276,,-0.807996273,-0.918026567,-0.907455146,-1.002112627,-0.981054723,-0.912372172,-1.00112021,-0.960240483,-0.962633252,-0.872488141,-0.821808159,-0.914554417,-0.698889017,-0.742889702,-0.741827428,-0.695688725,-0.599801898,-0.623299897,-0.450370342,-0.474705845,-0.351413906,-0.305874288,
Kiribati,KIR,Government Effectiveness: Estimate,GE.EST,,,,,,,,,,,,,,,,,,,,,,,,,,,,,,,,,,,,,,,,,,,,,-0.423489183,-0.457559109,-0.468085945,-0.660639942,-0.699218869,-0.802528679,-0.880354702,-0.783309817,-0.799028695,-0.76848048,-0.562647343,-0.378224105,-0.29997018,-0.0719001,-0.064290382,-0.052155666,0.134626627,0.094003469,0.166980341,-0.096573107,
St. Kitts and Nevis,KNA,Government Effectiveness: Estimate,GE.EST,,,,,,,,,,,,,,,,,,,,,,,,,,,,,,,,,,,,,,,,,,,,,0.353214949,1.192350507,1.077285647,1.075426579,1.270924687,1.276644468,1.256469011,1.244534731,1.262816906,1.271063447,-0.070879743,0.183234006,0.217992216,0.510476232,0.498675555,0.489976645,0.632649243,0.361193061,0.391751826,0.38041082,
"Korea, Rep.",KOR,Government Effectiveness: Estimate,GE.EST,,,,,,,,,,,,,,,,,,,,,,,,,,,,,,,,,,,,,0.473718643,,0.290556639,,0.61354059,,0.796305239,0.79047668,0.815539062,0.924596548,0.98420769,1.201815724,0.994486928,1.024816155,1.147816181,1.157943606,1.074502587,1.00340426,1.035287976,0.977552056,1.021252632,1.029123187,1.135256171,1.332545161,1.370186806,1.365653753,1.349047303,1.404807329,
Kuwait,KWT,Government Effectiveness: Estimate,GE.EST,,,,,,,,,,,,,,,,,,,,,,,,,,,,,,,,,,,,,0.115851626,,-0.083464123,,-0.097940795,,0.067220137,0.071432121,0.086166374,0.158822462,0.267627269,0.075588651,-0.032841329,0.179979756,0.145233184,0.00304531,-0.089216881,-0.088720798,-0.162443951,-0.079280682,-0.20446074,-0.215939999,-0.12141937,-0.017414466,-0.195234433,-0.073397771,0.111488633,0.007540271,
Latin America & Caribbean (excluding high income),LAC,Government Effectiveness: Estimate,GE.EST,,,,,,,,,,,,,,,,,,,,,,,,,,,,,,,,,,,,,,,,,,,,,,,,,,,,,,,,,,,,,,,,,
Lao PDR,LAO,Government Effectiveness: Estimate,GE.EST,,,,,,,,,,,,,,,,,,,,,,,,,,,,,,,,,,,,,-0.636936128,,-0.599871159,,-0.650617778,,-0.859748542,-1.012346506,-1.030744076,-1.209697366,-0.992693543,-0.909020007,-0.892137885,-0.962556422,-0.868846118,-0.839057267,-0.843420863,-0.735925436,-0.416736543,-0.554749191,-0.432250291,-0.416755855,-0.723394215,-0.816677272,-0.73933655,-0.616476834,-0.597129583,-0.643278599,
Lebanon,LBN,Government Effectiveness: Estimate,GE.EST,,,,,,,,,,,,,,,,,,,,,,,,,,,,,,,,,,,,,-0.128497437,,0.023913778,,0.026065599,,-0.207287535,-0.147085488,-0.167148128,-0.118025802,-0.162207127,-0.228115559,-0.323701978,-0.392095685,-0.143460006,-0.142604575,-0.240089089,-0.307863891,-0.256652057,-0.401572138,-0.48321256,-0.460771948,-0.673804283,-0.809089601,-1.205427647,-1.312259436,-1.459290028,-1.58038187,
Liberia,LBR,Government Effectiveness: Estimate,GE.EST,,,,,,,,,,,,,,,,,,,,,,,,,,,,,,,,,,,,,-1.719502926,,-1.731027842,,-1.791944146,,-1.531707287,-1.41765511,-1.416594505,-1.415051818,-1.21079874,-1.160725713,-1.218047142,-1.190924168,-1.252044439,-1.220951676,-1.158508182,-1.364634275,-1.338082314,-1.373589516,-1.316637754,-1.364268661,-1.323207617,-1.394974947,-1.459123373,-1.409943223,-1.431079865,-1.355364323,
Libya,LBY,Government Effectiveness: Estimate,GE.EST,,,,,,,,,,,,,,,,,,,,,,,,,,,,,,,,,,,,,-0.884026408,,-0.933607459,,-1.075034142,,-1.030079365,-0.929536939,-0.86504674,-1.051962852,-1.079765797,-1.226707458,-1.131786108,-1.084943414,-1.08740437,-1.053588867,-1.26853776,-1.318309426,-1.518478036,-1.494342923,-1.753514767,-1.605536342,-1.685257792,-1.774211407,-1.85938096,-1.748114944,-1.755771637,-1.635889053,
St. Lucia,LCA,Government Effectiveness: Estimate,GE.EST,,,,,,,,,,,,,,,,,,,,,,,,,,,,,,,,,,,,,,,,,,,,,0.374004453,1.087876081,0.808551013,0.745012641,0.791182458,0.933032632,0.832244396,0.94293046,0.740419745,0.782587111,0.040180814,-0.013827369,0.098975107,0.384870172,0.330709159,0.341977835,0.307117879,-0.120297246,-0.097323522,0.07383462,
Latin America & Caribbean,LCN,Government Effectiveness: Estimate,GE.EST,,,,,,,,,,,,,,,,,,,,,,,,,,,,,,,,,,,,,,,,,,,,,,,,,,,,,,,,,,,,,,,,,
Least developed countries: UN classification,LDC,Government Effectiveness: Estimate,GE.EST,,,,,,,,,,,,,,,,,,,,,,,,,,,,,,,,,,,,,,,,,,,,,,,,,,,,,,,,,,,,,,,,,
Low income,LIC,Government Effectiveness: Estimate,GE.EST,,,,,,,,,,,,,,,,,,,,,,,,,,,,,,,,,,,,,,,,,,,,,,,,,,,,,,,,,,,,,,,,,
Liechtenstein,LIE,Government Effectiveness: Estimate,GE.EST,,,,,,,,,,,,,,,,,,,,,,,,,,,,,,,,,,,,,1.670409441,,1.653759718,,1.634374857,,1.634279609,1.606473088,1.701431036,1.553322434,1.796987891,1.756943941,1.785888433,1.798524857,1.778141499,1.764495015,1.780746579,1.746919274,1.698937416,1.652573943,1.662661791,1.718034625,1.688940048,1.650312543,1.761576295,1.464753628,1.487781048,1.627819538,
Sri Lanka,LKA,Government Effectiveness: Estimate,GE.EST,,,,,,,,,,,,,,,,,,,,,,,,,,,,,,,,,,,,,-0.183629289,,-0.462085247,,-0.342374563,,-0.072716258,-0.271150827,-0.439886004,-0.312482685,-0.162567288,-0.076403596,-0.120211169,-0.152532563,-0.201909423,-0.109467715,-0.20431897,-0.166648373,0.068762988,-0.005963866,-0.027517878,-0.174112946,-0.256620258,-0.124965675,-0.079082653,-0.11527241,-0.391961753,-0.252278894,
Lower middle income,LMC,Government Effectiveness: Estimate,GE.EST,,,,,,,,,,,,,,,,,,,,,,,,,,,,,,,,,,,,,,,,,,,,,,,,,,,,,,,,,,,,,,,,,
Low & middle income,LMY,Government Effectiveness: Estimate,GE.EST,,,,,,,,,,,,,,,,,,,,,,,,,,,,,,,,,,,,,,,,,,,,,,,,,,,,,,,,,,,,,,,,,
Lesotho,LSO,Government Effectiveness: Estimate,GE.EST,,,,,,,,,,,,,,,,,,,,,,,,,,,,,,,,,,,,,-0.1241927,,-0.09906432,,-0.142841607,,0.03232839,0.048447285,-0.511713028,-0.171274871,-0.529533982,-0.465739757,-0.46372357,-0.396679133,-0.39651528,-0.376850903,-0.426588297,-0.457246333,-0.595968306,-0.757916868,-0.87870276,-0.924170434,-0.922583103,-0.90253377,-0.978631914,-0.947156668,-0.887993336,-0.953606308,
Late-demographic dividend,LTE,Government Effectiveness: Estimate,GE.EST,,,,,,,,,,,,,,,,,,,,,,,,,,,,,,,,,,,,,,,,,,,,,,,,,,,,,,,,,,,,,,,,,
Lithuania,LTU,Government Effectiveness: Estimate,GE.EST,,,,,,,,,,,,,,,,,,,,,,,,,,,,,,,,,,,,,0.527473867,,0.309278876,,0.098632507,,0.494154572,0.729680181,0.691371083,0.75501132,0.716516495,0.655761361,0.561739922,0.6899423,0.738227606,0.698798895,0.826729953,0.82589978,0.977036238,1.150467277,1.032859445,0.929402828,1.031447411,1.007666111,1.014909744,1.017449498,0.993961573,1.050121188,
Luxembourg,LUX,Government Effectiveness: Estimate,GE.EST,,,,,,,,,,,,,,,,,,,,,,,,,,,,,,,,,,,,,1.959734678,,1.963496685,,1.890468955,,1.975256443,1.856021643,1.877316236,1.772086024,1.566826224,1.586041331,1.616686344,1.743514419,1.716418028,1.742659092,1.663621902,1.622422099,1.647940159,1.692703009,1.655891657,1.645442963,1.73641336,1.695484519,1.792388916,1.677256942,1.772227883,1.9142133,
Latvia,LVA,Government Effectiveness: Estimate,GE.EST,,,,,,,,,,,,,,,,,,,,,,,,,,,,,,,,,,,,,0.48545891,,0.187779129,,0.209914908,,0.486781418,0.59832114,0.574418247,0.529817045,0.654658258,0.425278246,0.521047175,0.619090796,0.722773254,0.689273953,0.8283481,0.879350841,0.950847924,1.053409934,0.965538025,0.865553975,1.000285029,1.065746903,0.838092744,0.832942486,0.691537678,0.696560979,
"Macao SAR, China",MAC,Government Effectiveness: Estimate,GE.EST,,,,,,,,,,,,,,,,,,,,,,,,,,,,,,,,,,,,,0.388550758,,0.401742518,,0.618822575,,0.834610283,1.34903717,1.182555199,1.287598014,1.021232843,0.991429925,1.013442874,1.345722198,1.350158334,1.326177001,1.087080121,1.058670878,1.46286869,1.41346395,1.14072907,1.33569026,1.157993197,1.125088573,1.074959755,1.083876252,1.105213404,1.089970469,
St. Martin (French part),MAF,Government Effectiveness: Estimate,GE.EST,,,,,,,,,,,,,,,,,,,,,,,,,,,,,,,,,,,,,,,,,,,,,,,,,,,,,,,,,,,,,,,,,
Morocco,MAR,Government Effectiveness: Estimate,GE.EST,,,,,,,,,,,,,,,,,,,,,,,,,,,,,,,,,,,,,-0.104411051,,0.023913778,,0.026065599,,-0.195086256,-0.215569258,-0.224266529,-0.403397769,-0.269640744,-0.342613548,-0.3565557,-0.283303052,-0.230588347,-0.266206503,-0.141056269,-0.085361652,-0.136379525,-0.148065835,-0.193648085,-0.305200458,-0.349403739,-0.251563877,-0.186065659,-0.170099333,-0.081856206,-0.03591511,
Monaco,MCO,Government Effectiveness: Estimate,GE.EST,,,,,,,,,,,,,,,,,,,,,,,,,,,,,,,,,,,,,,,,,,,,,,,,,,,,,,,,1.740735412,1.805405617,1.876946449,1.879219413,1.851920605,2.028389215,2.026474953,2.047015429,2.022952557,
Moldova,MDA,Government Effectiveness: Estimate,GE.EST,,,,,,,,,,,,,,,,,,,,,,,,,,,,,,,,,,,,,-0.215465322,,-0.3405855,,-0.535638273,,-0.586018622,-0.667013168,-0.845721424,-0.753487408,-0.799711525,-0.832707107,-0.784430802,-0.556257904,-0.656645715,-0.607601762,-0.557920992,-0.40767017,-0.419933349,-0.721139073,-0.693787217,-0.577288508,-0.505967557,-0.441430509,-0.533600271,-0.437800527,-0.307596892,-0.164951995,
Madagascar,MDG,Government Effectiveness: Estimate,GE.EST,,,,,,,,,,,,,,,,,,,,,,,,,,,,,,,,,,,,,-0.448235422,,-0.546766698,,-0.599425614,,-0.32426405,-0.416089505,-0.587858677,-0.380154282,-0.655422568,-0.499808997,-0.684332252,-0.841211677,-0.995213866,-1.069079399,-1.117277503,-1.147482514,-1.322737694,-1.33208251,-1.228647351,-1.194515347,-1.21214354,-1.193396926,-1.053035736,-1.02791667,-0.972033024,-1.022776127,
Maldives,MDV,Government Effectiveness: Estimate,GE.EST,,,,,,,,,,,,,,,,,,,,,,,,,,,,,,,,,,,,,0.901294231,,0.902549386,,0.872710645,,0.834610283,0.576729536,0.374004453,0.239869893,0.170649603,0.123870969,-0.214934409,-0.436706126,-0.191209465,-0.293437421,-0.186561584,-0.236842096,-0.230356604,-0.230045378,-0.178161249,-0.394718468,-0.475938469,-0.175836548,-0.091672421,0.438512802,-0.10756515,-0.127973482,
"Middle East, North Africa, Afghanistan & Pakistan",MEA,Government Effectiveness: Estimate,GE.EST,,,,,,,,,,,,,,,,,,,,,,,,,,,,,,,,,,,,,,,,,,,,,,,,,,,,,,,,,,,,,,,,,
Mexico,MEX,Government Effectiveness: Estimate,GE.EST,,,,,,,,,,,,,,,,,,,,,,,,,,,,,,,,,,,,,0.225326702,,0.384369582,,0.276181936,,0.218386546,0.131819323,0.075833812,0.031416982,0.050471161,0.136410132,0.160689965,0.141515777,0.096291386,0.252327204,0.296199024,0.302350998,0.133970901,0.117517561,0.027610578,-0.065302551,-0.292850614,-0.306684852,-0.270338684,-0.343543798,-0.281723529,-0.198361441,
Marshall Islands,MHL,Government Effectiveness: Estimate,GE.EST,,,,,,,,,,,,,,,,,,,,,,,,,,,,,,,,,,,,,,,,,,,,,,-0.682056785,-1.004612088,-1.238146901,-1.280481458,-1.348531127,-1.141012549,-1.58569324,-1.51806283,-1.69965601,-1.788628817,-0.31955722,-0.197998747,-0.178460643,-0.183238626,-0.167088673,0.113665514,0.022162912,0.226975664,0.069975346,
Middle income,MIC,Government Effectiveness: Estimate,GE.EST,,,,,,,,,,,,,,,,,,,,,,,,,,,,,,,,,,,,,,,,,,,,,,,,,,,,,,,,,,,,,,,,,
North Macedonia,MKD,Government Effectiveness: Estimate,GE.EST,,,,,,,,,,,,,,,,,,,,,,,,,,,,,,,,,,,,,-0.640733182,,-0.724588931,,-0.83855319,,-0.571167231,-0.40902552,-0.18195422,-0.33217603,-0.130026549,-0.236620665,-0.089838244,-0.130520239,-0.181226417,-0.221158087,-0.210188359,-0.168528482,0.015496581,-0.030274633,-0.033791613,-0.01766151,0.055729192,-0.124041438,0.02825786,-0.121813729,-0.08138483,-0.051317345,
Mali,MLI,Government Effectiveness: Estimate,GE.EST,,,,,,,,,,,,,,,,,,,,,,,,,,,,,,,,,,,,,-0.998445451,,-1.173520446,,-1.056840181,,-0.698373139,-0.724401772,-0.792874515,-0.719699025,-0.760136187,-0.760422826,-0.78501749,-0.797493637,-0.847448468,-0.796498656,-0.983055294,-0.899786651,-1.085515618,-0.960362554,-1.027623773,-0.964268267,-1.026130795,-1.099182963,-1.186405301,-1.251463652,-1.148953199,-1.138598084,
Malta,MLT,Government Effectiveness: Estimate,GE.EST,,,,,,,,,,,,,,,,,,,,,,,,,,,,,,,,,,,,,0.927289665,,0.892576635,,1.050507784,,1.050148249,0.879186869,0.779151678,0.817258954,1.018626571,1.199974537,1.271209955,1.169943213,1.187473178,1.189651132,1.240838885,1.251391411,1.023431659,0.818876863,0.920882404,0.968723774,0.930900931,0.824169159,0.994064867,0.85311687,0.80408448,0.397335052,
Myanmar,MMR,Government Effectiveness: Estimate,GE.EST,,,,,,,,,,,,,,,,,,,,,,,,,,,,,,,,,,,,,-1.207593679,,-1.190728784,,-1.206501126,,-1.337557554,-1.292739511,-1.575093746,-1.536741495,-1.474612951,-1.494259477,-1.542918086,-1.6242733,-1.627642393,-1.606984019,-1.476500034,-1.509368658,-1.299188256,-1.290106297,-1.011928678,-1.086143374,-1.091442466,-1.185841441,-1.016069651,-1.415136218,-1.6850245,-1.752802014,
"Middle East, North Africa, Afghanistan & Pakistan (excluding high income)",MNA,Government Effectiveness: Estimate,GE.EST,,,,,,,,,,,,,,,,,,,,,,,,,,,,,,,,,,,,,,,,,,,,,,,,,,,,,,,,,,,,,,,,,
Montenegro,MNE,Government Effectiveness: Estimate,GE.EST,,,,,,,,,,,,,,,,,,,,,,,,,,,,,,,,,,,,,,,,,,,,,,0.329695553,0.161155358,-0.280102402,-0.011859506,-0.007971284,0.132998168,0.076654457,0.120514154,0.153825387,0.293321192,0.166538343,0.135110006,0.171341285,0.090411633,0.106434405,-0.106665947,-0.030478891,-0.027476676,0.247063115,
Mongolia,MNG,Government Effectiveness: Estimate,GE.EST,,,,,,,,,,,,,,,,,,,,,,,,,,,,,,,,,,,,,-0.378730357,,-0.291684538,,-0.325786859,,-0.115116656,-0.214628026,-0.37596941,-0.373126298,-0.489525706,-0.537642062,-0.523842573,-0.663388073,-0.56157589,-0.575659573,-0.626131415,-0.539035797,-0.426087707,-0.448192269,-0.096011266,-0.278352559,-0.246418357,-0.234439388,-0.419692069,-0.515481353,-0.42492491,-0.471535772,
Northern Mariana Islands,MNP,Government Effectiveness: Estimate,GE.EST,,,,,,,,,,,,,,,,,,,,,,,,,,,,,,,,,,,,,,,,,,,,,,,,,,,,,,,,,,,,,,,,,
Mozambique,MOZ,Government Effectiveness: Estimate,GE.EST,,,,,,,,,,,,,,,,,,,,,,,,,,,,,,,,,,,,,-0.14402017,,-0.469900131,,-0.493174553,,-0.435577214,-0.538822293,-0.591962874,-0.543785512,-0.673949063,-0.548251629,-0.557204425,-0.600310385,-0.616408288,-0.650063932,-0.653231084,-0.635945857,-0.744966745,-0.828703821,-0.946212471,-0.956966341,-0.96086961,-0.909160733,-0.810174465,-0.802774251,-0.737048686,-0.716628909,
Mauritania,MRT,Government Effectiveness: Estimate,GE.EST,,,,,,,,,,,,,,,,,,,,,,,,,,,,,,,,,,,,,-0.1241927,,-0.09906432,,-0.142841607,,-0.231615514,-0.195578113,-0.591200113,-0.32175526,-0.900613666,-0.924703121,-1.00329864,-0.925685346,-0.985421479,-0.961429834,-0.914369822,-0.994336724,-0.991944909,-1.067931294,-0.854348779,-0.803241432,-0.825453997,-0.609528899,-0.839177847,-0.776139319,-0.725075662,-0.763598621,
Mauritius,MUS,Government Effectiveness: Estimate,GE.EST,,,,,,,,,,,,,,,,,,,,,,,,,,,,,,,,,,,,,0.202324584,,0.323917389,,0.430507243,,0.371119827,0.741625965,0.693027318,0.617250144,0.702901244,0.750295639,0.825089991,0.799901664,0.905523717,0.882513642,1.040007114,0.91656673,1.15004468,1.126578569,1.019033909,0.959638119,0.894885838,0.86235702,0.853226721,0.813867688,0.766172588,0.710137606,
Malawi,MWI,Government Effectiveness: Estimate,GE.EST,,,,,,,,,,,,,,,,,,,,,,,,,,,,,,,,,,,,,-0.286933869,,-0.3405855,,-0.357144564,,-0.765085936,-0.779838324,-0.860001802,-0.827298045,-0.893325329,-0.57193768,-0.586309433,-0.537756443,-0.46991992,-0.473825514,-0.509652615,-0.509584069,-0.657211363,-0.738582671,-0.795695961,-0.72533828,-0.801393151,-0.798645079,-0.818265617,-0.792490959,-0.853226066,-0.859506547,
Malaysia,MYS,Government Effectiveness: Estimate,GE.EST,,,,,,,,,,,,,,,,,,,,,,,,,,,,,,,,,,,,,0.536282718,,0.754812837,,0.992942393,,0.921506047,1.041067839,1.045752048,1.043389082,1.237691164,1.22411561,1.050227165,0.895370305,1.046478391,0.986756742,0.906338155,0.993431926,1.145935416,0.917085171,0.817718744,0.777732432,1.053889871,0.967774987,1.022258878,0.952433527,0.992667615,0.875369668,
North America,NAC,Government Effectiveness: Estimate,GE.EST,,,,,,,,,,,,,,,,,,,,,,,,,,,,,,,,,,,,,,,,,,,,,,,,,,,,,,,,,,,,,,,,,
Namibia,NAM,Government Effectiveness: Estimate,GE.EST,,,,,,,,,,,,,,,,,,,,,,,,,,,,,,,,,,,,,0.431657553,,0.295157015,,0.288999677,,0.174336687,0.250789881,0.134862542,0.072722763,0.160232574,0.195068002,0.336545199,0.209332705,0.155254886,0.134519279,0.239515945,0.271475017,0.223119408,0.295513332,0.193662867,0.224054873,0.113764957,0.100181855,0.05236204,0.039100718,0.069283247,0.030896656,
New Caledonia,NCL,Government Effectiveness: Estimate,GE.EST,,,,,,,,,,,,,,,,,,,,,,,,,,,,,,,,,,,,,,,,,,,,,,,,,,,,,,,,,,,,,,,,,
Niger,NER,Government Effectiveness: Estimate,GE.EST,,,,,,,,,,,,,,,,,,,,,,,,,,,,,,,,,,,,,-1.169292927,,-1.104274154,,-1.150753498,,-0.823412001,-0.651327193,-0.765197635,-0.785668969,-0.825250745,-0.800146639,-0.734765291,-0.705005825,-0.703781366,-0.652889311,-0.695407689,-0.732346594,-0.713478982,-0.72263062,-0.694123387,-0.754679382,-0.82770741,-0.840266228,-0.660878658,-0.643977404,-0.627598226,-0.64091593,
Nigeria,NGA,Government Effectiveness: Estimate,GE.EST,,,,,,,,,,,,,,,,,,,,,,,,,,,,,,,,,,,,,-0.923635602,,-1.119764566,,-0.970691919,,-1.019714952,-0.916132033,-0.935620546,-0.897212327,-0.967481494,-1.032064915,-0.987497509,-1.200475574,-1.165222526,-1.102234602,-1.000975132,-0.998286724,-1.189843416,-0.996556818,-1.1203655,-1.041203976,-1.118203521,-1.213150382,-1.143787026,-1.026957631,-1.0415169,-0.847906709,
Nicaragua,NIC,Government Effectiveness: Estimate,GE.EST,,,,,,,,,,,,,,,,,,,,,,,,,,,,,,,,,,,,,-0.570219934,,-0.662364185,,-0.660692811,,-0.877977848,-0.794632852,-0.84265548,-0.825872242,-0.895059884,-0.953955352,-0.917955816,-0.96199578,-0.949312687,-0.893715918,-0.891339302,-0.813365757,-0.837822556,-0.862327516,-0.73757118,-0.668117821,-0.812322795,-0.777325749,-0.679674625,-0.884827673,-1.03687942,-1.08494556,
Netherlands,NLD,Government Effectiveness: Estimate,GE.EST,,,,,,,,,,,,,,,,,,,,,,,,,,,,,,,,,,,,,1.942934752,,2.004210949,,1.983375669,,1.933444738,1.954801202,2.070499897,1.937736392,1.784922481,1.721766472,1.6871562,1.73591733,1.770326972,1.820997119,1.839369059,1.808733821,1.835469484,1.828625441,1.820286155,1.814021945,1.809736967,1.767152667,1.805217981,1.725136518,1.578898668,1.625531912,
Norway,NOR,Government Effectiveness: Estimate,GE.EST,,,,,,,,,,,,,,,,,,,,,,,,,,,,,,,,,,,,,1.950875998,,1.912079573,,1.816123009,,1.833722353,1.83412087,2.05889225,1.859133482,1.875615478,2.018043041,1.832813621,1.837609529,1.873542428,1.831712365,1.899935484,1.876767039,1.821703792,1.833068252,1.832366467,1.944447994,1.845145583,1.827731967,1.887772322,1.795399308,1.941720247,1.799935341,
Nepal,NPL,Government Effectiveness: Estimate,GE.EST,,,,,,,,,,,,,,,,,,,,,,,,,,,,,,,,,,,,,-0.380564451,,-0.349467725,,-0.396729678,,-0.59819591,-0.800985098,-0.95585376,-0.861349404,-0.924164414,-0.724708915,-0.815914392,-0.965407252,-0.89673692,-0.920482874,-0.989905715,-0.933889985,-0.863811731,-1.136086702,-0.893620849,-0.941260457,-0.954740226,-1.092312217,-0.985120118,-0.929678738,-0.918098271,-0.80780375,
Nauru,NRU,Government Effectiveness: Estimate,GE.EST,,,,,,,,,,,,,,,,,,,,,,,,,,,,,,,,,,,,,,,,,,,,,,,,-0.584643781,-0.437905967,-0.399382353,-0.564871192,-0.582938612,-0.55775106,-0.567665875,-0.561557949,-0.121557876,-0.083894938,-0.047563996,0.272563547,-0.004775694,0.142491281,0.090730824,0.198479965,-0.067808069,
New Zealand,NZL,Government Effectiveness: Estimate,GE.EST,,,,,,,,,,,,,,,,,,,,,,,,,,,,,,,,,,,,,1.771766543,,1.628706098,,1.58685112,,1.678446293,1.761944294,1.940045238,1.741362095,1.583402157,1.657784104,1.669064879,1.848079324,1.811324596,1.87170589,1.792153716,1.749987483,1.924988627,1.852818251,1.805901408,1.727959037,1.628719091,1.632435799,1.538743258,1.305689335,1.340261579,1.529976845,
OECD members,OED,Government Effectiveness: Estimate,GE.EST,,,,,,,,,,,,,,,,,,,,,,,,,,,,,,,,,,,,,,,,,,,,,,,,,,,,,,,,,,,,,,,,,
Oman,OMN,Government Effectiveness: Estimate,GE.EST,,,,,,,,,,,,,,,,,,,,,,,,,,,,,,,,,,,,,0.439418912,,0.416656792,,0.288999677,,0.348226637,0.442997605,0.465463012,0.305876434,0.283817261,0.314470053,0.393369615,0.366105974,0.35871464,0.233887896,0.242914155,0.194238633,0.247935683,0.035186417,0.138545841,0.134335205,0.12680538,0.20636113,0.104503602,-0.155151039,0.021506779,0.274613231,
Other small states,OSS,Government Effectiveness: Estimate,GE.EST,,,,,,,,,,,,,,,,,,,,,,,,,,,,,,,,,,,,,,,,,,,,,,,,,,,,,,,,,,,,,,,,,
Pakistan,PAK,Government Effectiveness: Estimate,GE.EST,,,,,,,,,,,,,,,,,,,,,,,,,,,,,,,,,,,,,-0.624154627,,-0.490328997,,-0.492341906,,-0.549481332,-0.586459816,-0.543261051,-0.457726121,-0.383815378,-0.489426851,-0.738210857,-0.812300384,-0.775662661,-0.833723247,-0.783729494,-0.798744977,-0.76260078,-0.709552944,-0.700057626,-0.634695649,-0.666645467,-0.718214333,-0.571128666,-0.438822389,-0.62472868,-0.57779038,
Panama,PAN,Government Effectiveness: Estimate,GE.EST,,,,,,,,,,,,,,,,,,,,,,,,,,,,,,,,,,,,,0.223578513,,0.359814346,,0.228873283,,-0.028121203,-0.112611756,-0.08721038,0.069371119,0.066202417,0.130122647,0.118165627,0.103056826,0.131257296,0.130668715,0.319876164,0.318168879,0.277430743,0.277811021,0.153621435,0.028131975,0.012680994,0.099871047,0.164647356,0.123601131,-0.128100604,-0.209720731,
Peru,PER,Government Effectiveness: Estimate,GE.EST,,,,,,,,,,,,,,,,,,,,,,,,,,,,,,,,,,,,,0.034111183,,0.072110459,,-0.183523014,,-0.391418874,-0.585180283,-0.649820864,-0.695960522,-0.757418633,-0.627492428,-0.431019515,-0.489155442,-0.239367962,-0.206647053,-0.187420115,-0.151038066,-0.326710403,-0.367453665,-0.256282151,-0.204775095,-0.323809534,-0.125898167,-0.294280052,-0.295280516,-0.39837572,-0.491872787,
Philippines,PHL,Government Effectiveness: Estimate,GE.EST,,,,,,,,,,,,,,,,,,,,,,,,,,,,,,,,,,,,,-0.313254148,,-0.036878657,,-0.204128161,,-0.178975061,-0.147018895,-0.221789807,-0.016420266,-0.134328276,0.106631629,0.047635645,0.02827643,0.070900925,0.189581171,0.205686182,0.205928966,0.317714453,0.160157755,0.018497331,-0.034911115,0.062349122,0.059953012,0.067812383,0.034790132,0.063930444,0.15409191,
Palau,PLW,Government Effectiveness: Estimate,GE.EST,,,,,,,,,,,,,,,,,,,,,,,,,,,,,,,,,,,,,,,,,,,,,,,,,-0.606421053,-0.551011801,-0.854167402,-0.582938612,-0.55775106,-0.567665875,-0.561557949,0.133288473,0.19813709,0.231612697,0.232968763,0.227895617,0.385807753,0.365926623,0.449695826,0.442303985,
Papua New Guinea,PNG,Government Effectiveness: Estimate,GE.EST,,,,,,,,,,,,,,,,,,,,,,,,,,,,,,,,,,,,,-0.340196431,,-0.476207078,,-0.360874891,,-0.495324761,-0.530814052,-0.68550694,-0.885935664,-0.761204541,-0.653770745,-0.697395861,-0.750869334,-0.730952561,-0.716937602,-0.739490449,-0.660329819,-0.614248216,-0.60225606,-0.735132515,-0.664056897,-0.656073272,-0.793053508,-0.830172777,-0.889846385,-0.810510695,-0.802389979,
Poland,POL,Government Effectiveness: Estimate,GE.EST,,,,,,,,,,,,,,,,,,,,,,,,,,,,,,,,,,,,,0.681182623,,0.624520898,,0.568725228,,0.45492664,0.509646177,0.439104021,0.446039796,0.332138866,0.358851343,0.462065756,0.517221808,0.630121887,0.596360862,0.657871425,0.659244895,0.768983722,0.741088748,0.651506066,0.55077678,0.546892524,0.512824833,0.324195117,0.254306376,0.258881956,0.4214378,
Pre-demographic dividend,PRE,Government Effectiveness: Estimate,GE.EST,,,,,,,,,,,,,,,,,,,,,,,,,,,,,,,,,,,,,,,,,,,,,,,,,,,,,,,,,,,,,,,,,
Puerto Rico (US),PRI,Government Effectiveness: Estimate,GE.EST,,,,,,,,,,,,,,,,,,,,,,,,,,,,,,,,,,,,,1.157665968,,1.15295279,,1.126598597,,1.101166725,1.091601253,0.960179806,1.021873474,0.579353213,0.54949981,0.593963444,0.363491833,0.323047578,0.334075838,0.397279173,0.356059998,0.360127777,0.323779464,0.355337203,-0.133816838,-0.193061426,-0.200148731,-0.298273265,-0.301792592,-0.482422739,-0.389062345,
"Korea, Dem. People's Rep.",PRK,Government Effectiveness: Estimate,GE.EST,,,,,,,,,,,,,,,,,,,,,,,,,,,,,,,,,,,,,-1.890350342,,-1.91686368,,-1.791944146,,-1.864472628,-1.831213951,-1.743405938,-1.728361964,-1.767515302,-2.084274054,-2.021074295,-1.784955859,-1.87125349,-1.876013279,-1.907605767,-1.898132801,-1.643963814,-1.670700788,-1.663072824,-1.703631043,-1.60623157,-1.434490561,-1.490295053,-1.584992528,-1.463778377,-1.484099746,
Portugal,PRT,Government Effectiveness: Estimate,GE.EST,,,,,,,,,,,,,,,,,,,,,,,,,,,,,,,,,,,,,1.27418983,,1.111658931,,0.97235024,,1.152351022,1.106794357,1.044280171,1.051133513,0.86763078,0.894493699,1.077384591,1.152205229,0.981475115,0.921245933,1.001914859,1.194217801,0.983170331,1.157934546,1.148328543,1.294049144,1.181151748,1.134185791,0.979601145,0.952431321,1.001133561,0.98755002,
Paraguay,PRY,Government Effectiveness: Estimate,GE.EST,,,,,,,,,,,,,,,,,,,,,,,,,,,,,,,,,,,,,-0.90946728,,-1.055107117,,-1.039068699,,-1.113798499,-0.997566938,-0.965075552,-0.777090907,-0.963064432,-0.853146732,-0.870992124,-0.904786527,-0.912053406,-0.849459469,-0.899536431,-0.879561782,-0.938229501,-0.998762786,-0.82180506,-0.841798902,-0.604888737,-0.576773107,-0.56520766,-0.655920208,-0.614015102,-0.462065369,
West Bank and Gaza,PSE,Government Effectiveness: Estimate,GE.EST,,,,,,,,,,,,,,,,,,,,,,,,,,,,,,,,,,,,,-1.149679661,,-1.100677967,,-1.15839386,,-1.031284809,-1.225321651,-0.791229427,-1.062144756,-0.981712878,-1.106592059,-1.27346468,-0.67530781,-0.373725682,-0.598154128,-0.71220082,-0.726159215,-0.488997549,-0.507221937,-0.668761432,-0.435069203,-0.791625798,-0.775144458,-0.677145183,-0.797048509,-0.902029157,-1.209557414,
Pacific island small states,PSS,Government Effectiveness: Estimate,GE.EST,,,,,,,,,,,,,,,,,,,,,,,,,,,,,,,,,,,,,,,,,,,,,,,,,,,,,,,,,,,,,,,,,
Post-demographic dividend,PST,Government Effectiveness: Estimate,GE.EST,,,,,,,,,,,,,,,,,,,,,,,,,,,,,,,,,,,,,,,,,,,,,,,,,,,,,,,,,,,,,,,,,
French Polynesia,PYF,Government Effectiveness: Estimate,GE.EST,,,,,,,,,,,,,,,,,,,,,,,,,,,,,,,,,,,,,,,,,,,,,,,,,,,,,,,,,,,,,,,,,
Qatar,QAT,Government Effectiveness: Estimate,GE.EST,,,,,,,,,,,,,,,,,,,,,,,,,,,,,,,,,,,,,0.556376994,,0.430778682,,0.420466751,,0.450908303,0.442997605,0.509624004,0.398244441,0.571517408,0.459136933,0.614897132,0.968605578,0.849948764,0.760745764,0.946534693,1.066406846,0.95751524,0.941626787,0.72366333,0.728521347,0.630391479,0.707392991,0.867067635,1.076085567,1.136617422,1.19741261,
Romania,ROU,Government Effectiveness: Estimate,GE.EST,,,,,,,,,,,,,,,,,,,,,,,,,,,,,,,,,,,,,-0.286933869,,-0.526742637,,-0.26215899,,-0.196587816,-0.283442199,-0.174916029,-0.289697856,-0.189176306,-0.352275401,-0.357895225,-0.363970697,-0.112342447,-0.194315672,-0.16948463,0.134710595,0.224672213,0.098790459,-0.068261869,-0.084791303,-0.177138329,-0.215103924,-0.286944449,-0.163359016,-0.000462351,-0.092665948,
Russian Federation,RUS,Government Effectiveness: Estimate,GE.EST,,,,,,,,,,,,,,,,,,,,,,,,,,,,,,,,,,,,,-0.452226609,,-0.662553489,,-0.673456252,,-0.376179725,-0.499138176,-0.484211028,-0.526238322,-0.468877643,-0.41220358,-0.416781843,-0.497236013,-0.601686895,-0.601444662,-0.534914613,-0.452954412,-0.195760623,-0.332078844,-0.324105769,-0.191041514,-0.10378515,0.024173677,-0.111088738,-0.210440874,-0.69626379,-0.712461889,
Rwanda,RWA,Government Effectiveness: Estimate,GE.EST,,,,,,,,,,,,,,,,,,,,,,,,,,,,,,,,,,,,,-1.149679661,,-1.100677967,,-1.15839386,,-1.212695479,-1.037759304,-0.703226566,-0.90374583,-0.37907654,-0.245746776,-0.22220996,-0.280257672,-0.15843907,-0.021046992,-0.101652063,-0.027113963,-0.052738443,-0.14669849,0.013342769,0.178521797,0.079555556,0.092862539,0.27377528,0.227284431,0.232074052,0.388362646,
South Asia,SAS,Government Effectiveness: Estimate,GE.EST,,,,,,,,,,,,,,,,,,,,,,,,,,,,,,,,,,,,,,,,,,,,,,,,,,,,,,,,,,,,,,,,,
Saudi Arabia,SAU,Government Effectiveness: Estimate,GE.EST,,,,,,,,,,,,,,,,,,,,,,,,,,,,,,,,,,,,,-0.183629289,,-0.219085738,,-0.229407847,,-0.337844789,-0.366576314,-0.386468947,-0.391905189,-0.198544204,-0.136533141,-0.109230503,-0.110996947,-0.023695663,-0.317042857,0.019089401,0.057302076,0.192474738,0.154987291,0.214122653,0.210743636,0.273804367,0.261275202,0.113618113,0.464676142,0.582258403,0.796441078,
Sudan,SDN,Government Effectiveness: Estimate,GE.EST,,,,,,,,,,,,,,,,,,,,,,,,,,,,,,,,,,,,,-0.987331033,,-1.055107117,,-0.943567038,,-1.078000426,-1.220700979,-1.156927109,-1.406931877,-1.164118409,-1.132226348,-1.282074451,-1.279569626,-1.378687859,-1.415969491,-1.432616591,-1.487173557,-1.558515906,-1.511249542,-1.559747577,-1.475766897,-1.629033446,-1.658530354,-1.538864851,-1.662199378,-1.686377645,-1.977062106,
Senegal,SEN,Government Effectiveness: Estimate,GE.EST,,,,,,,,,,,,,,,,,,,,,,,,,,,,,,,,,,,,,0.076242514,,-0.148121446,,-0.165955797,,-0.045844205,-0.387829572,-0.340702802,-0.254883081,-0.36533308,-0.489185214,-0.215512887,-0.552714586,-0.593583286,-0.496339858,-0.473695427,-0.425884455,-0.404590607,-0.483361989,-0.502697647,-0.365319282,-0.329456508,-0.134313539,-0.059842013,0.024637775,0.039783385,0.069675192,
Singapore,SGP,Government Effectiveness: Estimate,GE.EST,,,,,,,,,,,,,,,,,,,,,,,,,,,,,,,,,,,,,1.993047118,,2.07239747,,2.107993841,,1.79351306,1.928247094,2.015854359,1.998000383,2.248869658,2.407860518,2.469659805,2.307152987,2.281125546,2.193817139,2.202586174,2.128065586,2.217473507,2.248699427,2.214624166,2.225981951,2.231765747,2.231672287,2.284202814,2.24803853,2.144235611,2.317471981,
Solomon Islands,SLB,Government Effectiveness: Estimate,GE.EST,,,,,,,,,,,,,,,,,,,,,,,,,,,,,,,,,,,,,,,,,,,,,-1.115323663,-0.639274538,-1.004094362,-1.084462166,-1.007244229,-1.144207239,-1.022636414,-0.908538818,-0.813310862,-0.83060056,-1.120435357,-0.993977129,-0.927226245,-0.932957649,-0.901527941,-0.882338822,-0.696980476,-0.838085055,-0.679540336,-0.733603537,
Sierra Leone,SLE,Government Effectiveness: Estimate,GE.EST,,,,,,,,,,,,,,,,,,,,,,,,,,,,,,,,,,,,,-1.409645319,,-1.545192122,,-1.608168244,,-1.628981471,-1.330374479,-1.123936772,-1.343932033,-1.100379467,-1.152436376,-1.154041409,-1.193936825,-1.20814538,-1.189524293,-1.220113039,-1.219374061,-1.248536348,-1.283995032,-1.225478768,-1.220137,-1.191156149,-1.174410105,-1.063283443,-1.152547002,-1.170130849,-1.155583739,
El Salvador,SLV,Government Effectiveness: Estimate,GE.EST,,,,,,,,,,,,,,,,,,,,,,,,,,,,,,,,,,,,,-0.691500306,,-0.611828744,,-0.62050283,,-0.609856188,-0.460299641,-0.451769233,-0.447229236,-0.217000455,-0.259199172,-0.211958438,-0.074613519,-0.012319415,-0.109997876,-0.134835929,-0.121620633,-0.025264136,-0.285931021,-0.343923271,-0.387301892,-0.489993751,-0.531079948,-0.261266619,-0.341824085,-0.321259052,0.050439022,
San Marino,SMR,Government Effectiveness: Estimate,GE.EST,,,,,,,,,,,,,,,,,,,,,,,,,,,,,,,,,,,,,,,,,,,,,,,,,,,,,,,,1.481151819,1.540836811,1.603652596,1.603110671,1.579531789,1.749241352,1.74892807,1.771138072,1.201681733,
Somalia,SOM,Government Effectiveness: Estimate,GE.EST,,,,,,,,,,,,,,,,,,,,,,,,,,,,,,,,,,,,,-1.959855437,,-1.91686368,,-1.975720167,,-1.531707287,-1.904590011,-1.843335867,-2.130955219,-2.073956728,-2.199944973,-2.296018124,-2.157304764,-2.169927597,-2.151889801,-2.192941904,-2.196028709,-2.440228701,-2.217408657,-2.206344604,-2.284246683,-2.211802721,-2.280950546,-2.131613731,-2.085521936,-2.02740407,-1.980202556,
Serbia,SRB,Government Effectiveness: Estimate,GE.EST,,,,,,,,,,,,,,,,,,,,,,,,,,,,,,,,,,,,,-1.06467998,,-0.883071959,,-0.834016025,,-0.554945648,-0.665495098,-0.251167536,-0.360925853,-0.23850289,-0.255289197,-0.249734953,-0.070201635,-0.076083638,-0.132481977,-0.173352405,-0.179090813,0.001625392,-0.002612748,-0.038609248,0.073255531,0.074429661,-0.016761366,-0.042924359,0.012354408,0.065175988,0.007634319,
Sub-Saharan Africa (excluding high income),SSA,Government Effectiveness: Estimate,GE.EST,,,,,,,,,,,,,,,,,,,,,,,,,,,,,,,,,,,,,,,,,,,,,,,,,,,,,,,,,,,,,,,,,
South Sudan,SSD,Government Effectiveness: Estimate,GE.EST,,,,,,,,,,,,,,,,,,,,,,,,,,,,,,,,,,,,,,,,,,,,,,,,,,,,-1.586250663,-1.614964962,-1.680366158,-2.094630957,-2.149580956,-2.33689189,-2.44022131,-2.320563078,-2.383665085,-2.316320896,-2.396697998,-2.390763521,-2.32788825,
Sub-Saharan Africa,SSF,Government Effectiveness: Estimate,GE.EST,,,,,,,,,,,,,,,,,,,,,,,,,,,,,,,,,,,,,,,,,,,,,,,,,,,,,,,,,,,,,,,,,
Small states,SST,Government Effectiveness: Estimate,GE.EST,,,,,,,,,,,,,,,,,,,,,,,,,,,,,,,,,,,,,,,,,,,,,,,,,,,,,,,,,,,,,,,,,
Sao Tome and Principe,STP,Government Effectiveness: Estimate,GE.EST,,,,,,,,,,,,,,,,,,,,,,,,,,,,,,,,,,,,,-0.380564451,,-0.349467725,,-0.396729678,,-0.498171955,-0.453014016,-0.710523725,-0.718027711,-0.837106347,-0.753381908,-0.736189842,-0.760530889,-0.861178875,-0.752287984,-0.736109614,-0.764681697,-0.86952734,-0.850413978,-0.777475357,-0.846105695,-0.78406769,-0.754401445,-0.714003325,-0.76122719,-0.835098982,-0.902435243,
Suriname,SUR,Government Effectiveness: Estimate,GE.EST,,,,,,,,,,,,,,,,,,,,,,,,,,,,,,,,,,,,,-0.688587904,,-0.477520347,,-0.142010897,,-0.210034415,-0.16174309,-0.046466287,-0.060263112,-0.332950234,-0.281002611,-0.129181609,-0.079090007,-0.108724214,-0.123884544,-0.012880336,-0.01792681,-0.177615508,-0.379115045,-0.372116715,-0.648720562,-0.686521709,-0.627012372,-0.57881397,-0.68069315,-0.944707155,-0.967238128,
Slovak Republic,SVK,Government Effectiveness: Estimate,GE.EST,,,,,,,,,,,,,,,,,,,,,,,,,,,,,,,,,,,,,0.459862679,,0.535887301,,0.673051953,,0.540845692,0.668065965,0.817942023,0.877272308,0.828100264,0.690660715,0.84909904,0.861253202,0.781369269,0.776584029,0.781547546,0.725380659,0.793422878,0.73697716,0.79348284,0.666439116,0.581321478,0.549658775,0.502145827,0.490655839,0.378134668,0.229512304,
Slovenia,SVN,Government Effectiveness: Estimate,GE.EST,,,,,,,,,,,,,,,,,,,,,,,,,,,,,,,,,,,,,0.887160182,,0.752557337,,0.674126327,,0.789837003,0.897875249,0.901355326,0.885157347,0.954627931,0.888730526,1.11381042,1.143038511,1.014785886,0.976925969,1.018315077,1.000986695,0.996188343,0.936799586,1.087123394,1.129237294,1.082238674,1.041784406,1.12117362,1.137307048,1.068535566,1.039294004,
Sweden,SWE,Government Effectiveness: Estimate,GE.EST,,,,,,,,,,,,,,,,,,,,,,,,,,,,,,,,,,,,,1.921916842,,1.884492755,,1.879326344,,1.962592721,2.01690197,2.099737644,1.887901783,1.800572872,2.018717527,1.946978927,2.041681051,1.962620378,1.925197959,1.911035657,1.788998246,1.681375504,1.684848666,1.663074851,1.675751686,1.671094418,1.674012423,1.670026779,1.610255241,1.572404861,1.601383328,
Eswatini,SWZ,Government Effectiveness: Estimate,GE.EST,,,,,,,,,,,,,,,,,,,,,,,,,,,,,,,,,,,,,-0.636936128,,-0.599871159,,-0.650617778,,-0.498171955,-0.710449934,-1.083511114,-0.95114857,-0.55206126,-0.573425591,-0.467783868,-0.429547071,-0.298220843,-0.521195829,-0.386057705,-0.370076358,-0.495312959,-0.540364742,-0.542009234,-0.491796851,-0.67234087,-0.638498247,-0.75438714,-0.751079679,-0.781404197,-0.884958327,
Sint Maarten (Dutch part),SXM,Government Effectiveness: Estimate,GE.EST,,,,,,,,,,,,,,,,,,,,,,,,,,,,,,,,,,,,,,,,,,,,,,,,,,,,,,,,,,,,,,,,,
Seychelles,SYC,Government Effectiveness: Estimate,GE.EST,,,,,,,,,,,,,,,,,,,,,,,,,,,,,,,,,,,,,0.644922495,,0.652145922,,0.618822575,,0.568053842,0.576729536,0.496140122,0.455417246,0.471941262,0.607417524,0.72336024,0.655355096,0.623638272,0.650597572,0.667813063,0.550187826,0.510952055,0.554563463,0.521263897,0.496195555,0.63322717,0.622413933,0.678994,0.899884403,0.661873877,0.624744177,
Syrian Arab Republic,SYR,Government Effectiveness: Estimate,GE.EST,,,,,,,,,,,,,,,,,,,,,,,,,,,,,,,,,,,,,-0.804808199,,-1.055107117,,-0.943567038,,-0.908703208,-1.140383124,-1.062837362,-1.149095178,-0.81852442,-0.698420286,-0.52074194,-0.488613814,-0.448675931,-0.518838644,-1.158923388,-1.405558825,-1.405650496,-1.628286123,-1.851922035,-1.800827861,-1.702341676,-1.744951606,-1.754257798,-1.767033577,-1.753013611,-1.788162112,
Turks and Caicos Islands,TCA,Government Effectiveness: Estimate,GE.EST,,,,,,,,,,,,,,,,,,,,,,,,,,,,,,,,,,,,,,,,,,,,,,,,,,,,,,,,,,,,,,,,,
Chad,TCD,Government Effectiveness: Estimate,GE.EST,,,,,,,,,,,,,,,,,,,,,,,,,,,,,,,,,,,,,-0.636936128,,-0.599871159,,-0.650617778,,-0.888108373,-1.174853325,-1.15154171,-1.396481037,-1.460164189,-1.610059142,-1.554221869,-1.419021964,-1.457101345,-1.374016404,-1.486232638,-1.389744997,-1.510981202,-1.491039157,-1.559411049,-1.509388685,-1.562269449,-1.607126594,-1.510737181,-1.460980415,-1.423673511,-1.479148746,
East Asia & Pacific (IDA & IBRD countries),TEA,Government Effectiveness: Estimate,GE.EST,,,,,,,,,,,,,,,,,,,,,,,,,,,,,,,,,,,,,,,,,,,,,,,,,,,,,,,,,,,,,,,,,
Europe & Central Asia (IDA & IBRD countries),TEC,Government Effectiveness: Estimate,GE.EST,,,,,,,,,,,,,,,,,,,,,,,,,,,,,,,,,,,,,,,,,,,,,,,,,,,,,,,,,,,,,,,,,
Togo,TGO,Government Effectiveness: Estimate,GE.EST,,,,,,,,,,,,,,,,,,,,,,,,,,,,,,,,,,,,,-0.688587904,,-0.987684667,,-1.056840181,,-1.198941946,-1.292041659,-1.388018489,-1.456241369,-1.493910789,-1.524611354,-1.481546879,-1.356592536,-1.383998156,-1.372125387,-1.29685843,-1.28965044,-1.266833425,-1.226308465,-1.118616343,-1.165704846,-1.093883753,-0.972673833,-0.730156839,-0.686272264,-0.645623386,-0.578052044,
Thailand,THA,Government Effectiveness: Estimate,GE.EST,,,,,,,,,,,,,,,,,,,,,,,,,,,,,,,,,,,,,0.180224553,,0.03581414,,0.177485347,,0.261051059,0.305083305,0.261547863,0.340901643,0.417947978,0.285919487,0.156943962,0.206796795,0.083291069,0.099299394,0.130159914,0.162936032,0.25699535,0.238737538,0.225705132,0.257845819,0.254539996,0.260609537,0.201812536,0.220056802,0.127444163,0.171705812,
Tajikistan,TJK,Government Effectiveness: Estimate,GE.EST,,,,,,,,,,,,,,,,,,,,,,,,,,,,,,,,,,,,,-1.406051278,,-1.351081371,,-1.15839386,,-1.241160631,-1.142073393,-0.978848517,-1.158419371,-1.07245791,-1.127842069,-1.090224385,-1.121835709,-0.931619644,-0.957298815,-0.936370611,-1.068485737,-0.792752922,-0.904914379,-1.090924144,-1.182448268,-1.163757205,-1.116753697,-0.759225845,-0.64504981,-0.757130861,-0.772318006,
Turkmenistan,TKM,Government Effectiveness: Estimate,GE.EST,,,,,,,,,,,,,,,,,,,,,,,,,,,,,,,,,,,,,-1.149679661,,-1.100677967,,-1.15839386,,-1.382853866,-1.41546762,-1.549807191,-1.566919565,-1.517653942,-1.406274199,-1.401832342,-1.388665557,-1.527040124,-1.515122652,-1.129338741,-1.136694431,-0.526086628,-0.599104762,-0.912186086,-1.011745811,-1.089923143,-1.01773572,-1.023769975,-0.961421967,-1.158997536,-1.206499577,
Latin America & the Caribbean (IDA & IBRD countries),TLA,Government Effectiveness: Estimate,GE.EST,,,,,,,,,,,,,,,,,,,,,,,,,,,,,,,,,,,,,,,,,,,,,,,,,,,,,,,,,,,,,,,,,
Timor-Leste,TLS,Government Effectiveness: Estimate,GE.EST,,,,,,,,,,,,,,,,,,,,,,,,,,,,,,,,,,,,,,,,,,,-0.764728427,-0.967885792,-0.686259031,-1.000367641,-1.222704291,-1.153355002,-1.065990925,-1.193050027,-1.251592159,-1.185635209,-1.195574999,-1.246596098,-1.213982224,-1.079135418,-1.039111257,-1.003748655,-0.936417639,-0.85844785,-0.755884349,-0.753923774,-0.770140171,-0.84195441,
"Middle East, North Africa, Afghanistan & Pakistan (IDA & IBRD)",TMN,Government Effectiveness: Estimate,GE.EST,,,,,,,,,,,,,,,,,,,,,,,,,,,,,,,,,,,,,,,,,,,,,,,,,,,,,,,,,,,,,,,,,
Tonga,TON,Government Effectiveness: Estimate,GE.EST,,,,,,,,,,,,,,,,,,,,,,,,,,,,,,,,,,,,,,,,,,,,,-0.547031045,-0.517274618,-0.637418091,-0.44831413,-0.447413117,-0.344187737,-0.287022442,-0.328386217,-0.386265457,-0.385743409,-0.002851586,-0.358455062,-0.325753212,-0.252734959,0.192291781,0.206365019,0.276987463,0.306546807,-0.166628227,-0.115239479,
South Asia (IDA & IBRD),TSA,Government Effectiveness: Estimate,GE.EST,,,,,,,,,,,,,,,,,,,,,,,,,,,,,,,,,,,,,,,,,,,,,,,,,,,,,,,,,,,,,,,,,
Sub-Saharan Africa (IDA & IBRD countries),TSS,Government Effectiveness: Estimate,GE.EST,,,,,,,,,,,,,,,,,,,,,,,,,,,,,,,,,,,,,,,,,,,,,,,,,,,,,,,,,,,,,,,,,
Trinidad and Tobago,TTO,Government Effectiveness: Estimate,GE.EST,,,,,,,,,,,,,,,,,,,,,,,,,,,,,,,,,,,,,-0.104411051,,0.210070848,,0.454069555,,0.341267884,0.473294765,0.40844354,0.185300454,0.115620285,0.243874252,0.230824679,0.349971473,0.339617521,0.391060174,0.48170799,0.416308284,0.334856331,0.253430963,0.247078121,0.225861236,0.206794903,0.087957792,0.173967272,0.154929414,-0.025543394,-0.043643255,
Tunisia,TUN,Government Effectiveness: Estimate,GE.EST,,,,,,,,,,,,,,,,,,,,,,,,,,,,,,,,,,,,,0.375723422,,0.416656792,,0.416736394,,0.522498727,0.470419079,0.417557061,0.339725077,0.679240286,0.47755608,0.306298167,0.366235703,0.158016294,-0.001495732,-0.052202888,-0.058742601,-0.066321172,-0.102187946,-0.206498697,-0.050735127,-0.006535382,-0.035373561,-0.186425105,-0.207107127,-0.262752622,-0.300515085,
Turkiye,TUR,Government Effectiveness: Estimate,GE.EST,,,,,,,,,,,,,,,,,,,,,,,,,,,,,,,,,,,,,-0.076127216,,-0.312862217,,-0.020434739,,0.052565046,0.034863185,-0.019838214,0.144592628,0.105428062,0.326100618,0.289960533,0.289779067,0.315034986,0.365056276,0.432250023,0.398709655,0.392252773,0.199524775,-0.006507037,0.013838289,-0.068468295,-0.020463871,-0.158797756,-0.119116463,-0.199645326,-0.247911587,
Tuvalu,TUV,Government Effectiveness: Estimate,GE.EST,,,,,,,,,,,,,,,,,,,,,,,,,,,,,,,,,,,,,,,,,,,,,-0.670572937,0.017120589,-0.348828822,-0.456449926,-0.577143431,-0.447568625,-0.492254198,-0.477555662,-0.693481565,-0.655148923,-0.970390081,-0.969317675,-0.923577785,-0.696348369,-0.554381549,-0.537522614,-0.433251232,-0.405187339,-0.313752741,-0.449751288,
Tanzania,TZA,Government Effectiveness: Estimate,GE.EST,,,,,,,,,,,,,,,,,,,,,,,,,,,,,,,,,,,,,-0.687850118,,-0.554986298,,-0.556626618,,-0.487236917,-0.499147058,-0.610386074,-0.43836683,-0.451205492,-0.424296856,-0.53019917,-0.62783736,-0.620883346,-0.660571337,-0.701560676,-0.712978959,-0.657758951,-0.653441548,-0.606901288,-0.682187915,-0.779476464,-0.854386747,-0.739272416,-0.64834106,-0.460365832,-0.455080926,
Uganda,UGA,Government Effectiveness: Estimate,GE.EST,,,,,,,,,,,,,,,,,,,,,,,,,,,,,,,,,,,,,-0.687850118,,-0.490328997,,-0.492341906,,-0.481236249,-0.45272997,-0.47155866,-0.572079659,-0.581117988,-0.45182091,-0.620234609,-0.670799375,-0.572281301,-0.559457004,-0.596215367,-0.611745775,-0.540372133,-0.575544655,-0.632310152,-0.632979095,-0.692296267,-0.648660719,-0.616496086,-0.600672364,-0.605068684,-0.549508572,
Ukraine,UKR,Government Effectiveness: Estimate,GE.EST,,,,,,,,,,,,,,,,,,,,,,,,,,,,,,,,,,,,,-0.670080245,,-0.848181307,,-0.675985157,,-0.695505381,-0.673910856,-0.666463196,-0.671290219,-0.523428202,-0.724815309,-0.787461042,-0.844365835,-0.820753992,-0.86709398,-0.594552815,-0.664322078,-0.398846895,-0.554407001,-0.609457552,-0.51402235,-0.45963183,-0.334266752,-0.410091132,-0.439535767,-0.497119278,-0.3573201,
Upper middle income,UMC,Government Effectiveness: Estimate,GE.EST,,,,,,,,,,,,,,,,,,,,,,,,,,,,,,,,,,,,,,,,,,,,,,,,,,,,,,,,,,,,,,,,,
Uruguay,URY,Government Effectiveness: Estimate,GE.EST,,,,,,,,,,,,,,,,,,,,,,,,,,,,,,,,,,,,,0.584609449,,0.430778682,,0.416957408,,0.588606656,0.456945091,0.303184807,0.492236137,0.379883677,0.56316489,0.541956723,0.624378562,0.633332193,0.539623916,0.415858507,0.397321582,0.43504113,0.454686135,0.504967213,0.404940635,0.504864872,0.643020868,0.73021096,0.799662232,0.849587679,0.850249708,
United States,USA,Government Effectiveness: Estimate,GE.EST,,,,,,,,,,,,,,,,,,,,,,,,,,,,,,,,,,,,,1.524920464,,1.698527455,,1.724886537,,1.620927811,1.540124536,1.740257859,1.531012774,1.581685543,1.643272758,1.605075598,1.502984643,1.552272081,1.513798475,1.52132237,1.516476631,1.461625457,1.43219924,1.440504909,1.51742816,1.536972165,1.453415036,1.274593234,1.297531009,1.255495548,1.217200994,
Uzbekistan,UZB,Government Effectiveness: Estimate,GE.EST,,,,,,,,,,,,,,,,,,,,,,,,,,,,,,,,,,,,,-1.20064342,,-1.205540299,,-1.019983292,,-1.208393455,-1.188411355,-1.202032804,-1.224595666,-1.185932159,-1.139973164,-0.899454832,-0.647138357,-0.733642399,-0.698397279,-0.926168859,-0.931166351,-0.637559772,-0.752948344,-0.661517918,-0.630247414,-0.616957963,-0.600097477,-0.615506291,-0.26464054,-0.329937309,-0.283767521,
St. Vincent and the Grenadines,VCT,Government Effectiveness: Estimate,GE.EST,,,,,,,,,,,,,,,,,,,,,,,,,,,,,,,,,,,,,,,,,,,,,0.415583402,1.049524307,0.808551013,0.745012641,0.791182458,0.841874182,0.723423421,0.837373018,0.937043726,0.991574824,0.216326505,0.131499529,0.377365679,0.384870172,0.330709159,0.341977835,0.307117879,0.306390792,0.318174481,0.07383462,
"Venezuela, RB",VEN,Government Effectiveness: Estimate,GE.EST,,,,,,,,,,,,,,,,,,,,,,,,,,,,,,,,,,,,,-0.54071331,,-0.79969734,,-0.692695796,,-1.002943635,-0.960159421,-1.055732727,-0.919886887,-1.06652379,-1.097860813,-1.149796844,-0.974365473,-1.102202773,-1.132086396,-1.082096219,-1.114338994,-1.175179601,-1.196390986,-1.273982406,-1.427531958,-1.67155385,-1.722444773,-1.889375687,-1.874597669,-1.689051867,-1.599200964,
British Virgin Islands,VGB,Government Effectiveness: Estimate,GE.EST,,,,,,,,,,,,,,,,,,,,,,,,,,,,,,,,,,,,,,,,,,,,,,,,,,,,,,,,,,,,,,,,,
Virgin Islands (U.S.),VIR,Government Effectiveness: Estimate,GE.EST,,,,,,,,,,,,,,,,,,,,,,,,,,,,,,,,,,,,,,,,,,,,,0.638970971,1.287598014,1.27981782,1.246601224,1.270924687,1.276644468,1.256469011,1.244534731,1.262816906,1.271063447,1.202724338,1.221568227,1.276267767,0.783770323,0.774784267,0.762365401,0.632649243,0.638740063,0.667629123,0.654167771,
Viet Nam,VNM,Government Effectiveness: Estimate,GE.EST,,,,,,,,,,,,,,,,,,,,,,,,,,,,,,,,,,,,,-0.580875695,,-0.422356635,,-0.39429751,,-0.437316597,-0.402854234,-0.479204983,-0.228448659,-0.246989682,-0.22595565,-0.199574172,-0.245095104,-0.242955059,-0.20927085,-0.248135597,-0.245401606,-0.047073424,0.063162155,-0.017477125,-0.033340786,-0.011720616,0.027881082,0.193557769,0.243436113,0.174635261,0.1264669,
Vanuatu,VUT,Government Effectiveness: Estimate,GE.EST,,,,,,,,,,,,,,,,,,,,,,,,,,,,,,,,,,,,,,,,,,,,,-0.250530571,-0.259431392,-0.412535489,-0.411243021,-0.282920986,-0.321546137,-0.267223597,-0.213237464,-0.189505279,-0.177780673,-0.515380085,-0.820914805,-0.958185077,-0.961852789,-0.461639583,-0.517730772,-0.38405177,-0.551433444,-0.538524687,-0.568605483,
World,WLD,Government Effectiveness: Estimate,GE.EST,,,,,,,,,,,,,,,,,,,,,,,,,,,,,,,,,,,,,,,,,,,,,,,,,,,,,,,,,,,,,,,,,
Samoa,WSM,Government Effectiveness: Estimate,GE.EST,,,,,,,,,,,,,,,,,,,,,,,,,,,,,,,,,,,,,0.388550758,,0.401742518,,0.364934474,,0.3014974,0.319293678,-0.028155174,0.504941285,0.379048318,0.260736406,0.20605436,0.058956578,0.001401283,0.055202365,0.023977436,0.068242021,0.58977735,0.669569194,0.689992189,0.702948272,0.623192132,0.437268049,0.545318902,0.380134702,0.307863623,0.492577106,
Kosovo,XKX,Government Effectiveness: Estimate,GE.EST,,,,,,,,,,,,,,,,,,,,,,,,,,,,,,,,,,,,,,,,,,,,,,,-0.340060145,-0.21568124,-0.239731282,-0.405472666,-0.583555222,-0.435834616,-0.324966311,-0.35639289,-0.289582133,-0.424545169,-0.43844381,-0.418384641,-0.444443077,-0.370202392,-0.3328982,-0.25703299,-0.194915697,-0.080060616,
"Yemen, Rep.",YEM,Government Effectiveness: Estimate,GE.EST,,,,,,,,,,,,,,,,,,,,,,,,,,,,,,,,,,,,,-0.624154627,,-0.797985852,,-0.81583035,,-0.891898394,-0.863626659,-0.97315985,-0.917643487,-0.92000711,-0.886139214,-0.894583106,-1.083204508,-1.031832099,-1.157289863,-1.281722426,-1.228939295,-1.436578751,-1.714522481,-1.907169342,-1.95200479,-2.273700714,-2.32937789,-2.362375498,-2.325698376,-2.233464718,-2.275420427,
South Africa,ZAF,Government Effectiveness: Estimate,GE.EST,,,,,,,,,,,,,,,,,,,,,,,,,,,,,,,,,,,,,1.020495892,,0.624708474,,0.645909369,,0.607831419,0.59958005,0.559140086,0.567057848,0.325101376,0.283431172,0.332178503,0.310807675,0.191702411,0.217559651,0.170115307,0.306021035,0.165043816,0.087329097,0.101402581,0.070795923,0.103647441,0.127971157,0.046534523,-0.070130371,-0.109027646,-0.256946683,
Zambia,ZMB,Government Effectiveness: Estimate,GE.EST,,,,,,,,,,,,,,,,,,,,,,,,,,,,,,,,,,,,,-1.12837553,,-1.069229007,,-1.078764439,,-0.924903035,-1.008481383,-0.931252718,-0.93688345,-0.877598882,-0.746833682,-0.761386633,-0.818957865,-0.862070262,-0.68256855,-0.509467363,-0.520099938,-0.534005225,-0.643124342,-0.737501264,-0.700345218,-0.653517723,-0.741789401,-0.824682415,-0.840983033,-0.638017058,-0.658970058,
Zimbabwe,ZWE,Government Effectiveness: Estimate,GE.EST,,,,,,,,,,,,,,,,,,,,,,,,,,,,,,,,,,,,,-0.318770558,,-0.424850851,,-0.757242501,,-0.839923084,-0.935435832,-1.007125735,-1.35831821,-1.260540128,-1.298620462,-1.546322942,-1.553164363,-1.53839469,-1.420855761,-1.373752475,-1.30847013,-1.281353831,-1.249573112,-1.258878112,-1.280238867,-1.297955155,-1.310435057,-1.342368126,-1.290561199,-1.251223803,-1.170334935,
